schueler_id;kurs_id
1;4
1;5
1;6
1;7
1;8
1;9
1;10
1;11
1;12
1;13
1;14
1;3
2;4
2;5
2;6
2;7
2;8
2;9
2;10
2;11
2;12
2;13
2;14
2;2
3;4
3;5
3;6
3;7
3;8
3;9
3;10
3;11
3;12
3;13
3;14
3;2
4;4
4;5
4;6
4;7
4;8
4;9
4;10
4;11
4;12
4;13
4;14
4;3
5;4
5;5
5;6
5;7
5;8
5;9
5;10
5;11
5;12
5;13
5;14
5;2
6;4
6;5
6;6
6;7
6;8
6;9
6;10
6;11
6;12
6;13
6;14
6;1
7;4
7;5
7;6
7;7
7;8
7;9
7;10
7;11
7;12
7;13
7;14
7;3
8;4
8;5
8;6
8;7
8;8
8;9
8;10
8;11
8;12
8;13
8;14
8;3
9;4
9;5
9;6
9;7
9;8
9;9
9;10
9;11
9;12
9;13
9;14
9;2
10;4
10;5
10;6
10;7
10;8
10;9
10;10
10;11
10;12
10;13
10;14
10;1
11;4
11;5
11;6
11;7
11;8
11;9
11;10
11;11
11;12
11;13
11;14
11;1
12;4
12;5
12;6
12;7
12;8
12;9
12;10
12;11
12;12
12;13
12;14
12;3
13;4
13;5
13;6
13;7
13;8
13;9
13;10
13;11
13;12
13;13
13;14
13;2
14;4
14;5
14;6
14;7
14;8
14;9
14;10
14;11
14;12
14;13
14;14
14;3
15;4
15;5
15;6
15;7
15;8
15;9
15;10
15;11
15;12
15;13
15;14
15;2
16;4
16;5
16;6
16;7
16;8
16;9
16;10
16;11
16;12
16;13
16;14
16;1
17;4
17;5
17;6
17;7
17;8
17;9
17;10
17;11
17;12
17;13
17;14
17;2
18;4
18;5
18;6
18;7
18;8
18;9
18;10
18;11
18;12
18;13
18;14
18;2
19;4
19;5
19;6
19;7
19;8
19;9
19;10
19;11
19;12
19;13
19;14
19;3
20;4
20;5
20;6
20;7
20;8
20;9
20;10
20;11
20;12
20;13
20;14
20;1
21;4
21;5
21;6
21;7
21;8
21;9
21;10
21;11
21;12
21;13
21;14
21;1
22;4
22;5
22;6
22;7
22;8
22;9
22;10
22;11
22;12
22;13
22;14
22;3
23;4
23;5
23;6
23;7
23;8
23;9
23;10
23;11
23;12
23;13
23;14
23;3
24;4
24;5
24;6
24;7
24;8
24;9
24;10
24;11
24;12
24;13
24;14
24;1
25;4
25;5
25;6
25;7
25;8
25;9
25;10
25;11
25;12
25;13
25;14
25;3
26;4
26;5
26;6
26;7
26;8
26;9
26;10
26;11
26;12
26;13
26;14
26;1
27;4
27;5
27;6
27;7
27;8
27;9
27;10
27;11
27;12
27;13
27;14
27;2
28;4
28;5
28;6
28;7
28;8
28;9
28;10
28;11
28;12
28;13
28;14
28;1
29;15
29;16
29;17
29;18
29;19
29;20
29;21
29;22
29;23
29;24
29;25
29;3
30;15
30;16
30;17
30;18
30;19
30;20
30;21
30;22
30;23
30;24
30;25
30;2
31;15
31;16
31;17
31;18
31;19
31;20
31;21
31;22
31;23
31;24
31;25
31;3
32;15
32;16
32;17
32;18
32;19
32;20
32;21
32;22
32;23
32;24
32;25
32;3
33;15
33;16
33;17
33;18
33;19
33;20
33;21
33;22
33;23
33;24
33;25
33;3
34;15
34;16
34;17
34;18
34;19
34;20
34;21
34;22
34;23
34;24
34;25
34;3
35;15
35;16
35;17
35;18
35;19
35;20
35;21
35;22
35;23
35;24
35;25
35;1
36;15
36;16
36;17
36;18
36;19
36;20
36;21
36;22
36;23
36;24
36;25
36;3
37;15
37;16
37;17
37;18
37;19
37;20
37;21
37;22
37;23
37;24
37;25
37;1
38;15
38;16
38;17
38;18
38;19
38;20
38;21
38;22
38;23
38;24
38;25
38;3
39;15
39;16
39;17
39;18
39;19
39;20
39;21
39;22
39;23
39;24
39;25
39;1
40;15
40;16
40;17
40;18
40;19
40;20
40;21
40;22
40;23
40;24
40;25
40;2
41;15
41;16
41;17
41;18
41;19
41;20
41;21
41;22
41;23
41;24
41;25
41;1
42;15
42;16
42;17
42;18
42;19
42;20
42;21
42;22
42;23
42;24
42;25
42;1
43;15
43;16
43;17
43;18
43;19
43;20
43;21
43;22
43;23
43;24
43;25
43;1
44;15
44;16
44;17
44;18
44;19
44;20
44;21
44;22
44;23
44;24
44;25
44;2
45;15
45;16
45;17
45;18
45;19
45;20
45;21
45;22
45;23
45;24
45;25
45;3
46;15
46;16
46;17
46;18
46;19
46;20
46;21
46;22
46;23
46;24
46;25
46;2
47;15
47;16
47;17
47;18
47;19
47;20
47;21
47;22
47;23
47;24
47;25
47;1
48;15
48;16
48;17
48;18
48;19
48;20
48;21
48;22
48;23
48;24
48;25
48;3
49;15
49;16
49;17
49;18
49;19
49;20
49;21
49;22
49;23
49;24
49;25
49;3
50;15
50;16
50;17
50;18
50;19
50;20
50;21
50;22
50;23
50;24
50;25
50;1
51;15
51;16
51;17
51;18
51;19
51;20
51;21
51;22
51;23
51;24
51;25
51;3
52;15
52;16
52;17
52;18
52;19
52;20
52;21
52;22
52;23
52;24
52;25
52;2
53;15
53;16
53;17
53;18
53;19
53;20
53;21
53;22
53;23
53;24
53;25
53;1
54;15
54;16
54;17
54;18
54;19
54;20
54;21
54;22
54;23
54;24
54;25
54;1
55;15
55;16
55;17
55;18
55;19
55;20
55;21
55;22
55;23
55;24
55;25
55;2
56;15
56;16
56;17
56;18
56;19
56;20
56;21
56;22
56;23
56;24
56;25
56;1
57;15
57;16
57;17
57;18
57;19
57;20
57;21
57;22
57;23
57;24
57;25
57;3
58;26
58;27
58;28
58;29
58;30
58;31
58;32
58;33
58;34
58;35
58;36
58;3
59;26
59;27
59;28
59;29
59;30
59;31
59;32
59;33
59;34
59;35
59;36
59;2
60;26
60;27
60;28
60;29
60;30
60;31
60;32
60;33
60;34
60;35
60;36
60;1
61;26
61;27
61;28
61;29
61;30
61;31
61;32
61;33
61;34
61;35
61;36
61;2
62;26
62;27
62;28
62;29
62;30
62;31
62;32
62;33
62;34
62;35
62;36
62;1
63;26
63;27
63;28
63;29
63;30
63;31
63;32
63;33
63;34
63;35
63;36
63;3
64;26
64;27
64;28
64;29
64;30
64;31
64;32
64;33
64;34
64;35
64;36
64;3
65;26
65;27
65;28
65;29
65;30
65;31
65;32
65;33
65;34
65;35
65;36
65;3
66;26
66;27
66;28
66;29
66;30
66;31
66;32
66;33
66;34
66;35
66;36
66;2
67;26
67;27
67;28
67;29
67;30
67;31
67;32
67;33
67;34
67;35
67;36
67;3
68;26
68;27
68;28
68;29
68;30
68;31
68;32
68;33
68;34
68;35
68;36
68;1
69;26
69;27
69;28
69;29
69;30
69;31
69;32
69;33
69;34
69;35
69;36
69;2
70;26
70;27
70;28
70;29
70;30
70;31
70;32
70;33
70;34
70;35
70;36
70;3
71;26
71;27
71;28
71;29
71;30
71;31
71;32
71;33
71;34
71;35
71;36
71;2
72;26
72;27
72;28
72;29
72;30
72;31
72;32
72;33
72;34
72;35
72;36
72;1
73;26
73;27
73;28
73;29
73;30
73;31
73;32
73;33
73;34
73;35
73;36
73;3
74;26
74;27
74;28
74;29
74;30
74;31
74;32
74;33
74;34
74;35
74;36
74;1
75;26
75;27
75;28
75;29
75;30
75;31
75;32
75;33
75;34
75;35
75;36
75;3
76;26
76;27
76;28
76;29
76;30
76;31
76;32
76;33
76;34
76;35
76;36
76;2
77;26
77;27
77;28
77;29
77;30
77;31
77;32
77;33
77;34
77;35
77;36
77;2
78;26
78;27
78;28
78;29
78;30
78;31
78;32
78;33
78;34
78;35
78;36
78;3
79;26
79;27
79;28
79;29
79;30
79;31
79;32
79;33
79;34
79;35
79;36
79;2
80;26
80;27
80;28
80;29
80;30
80;31
80;32
80;33
80;34
80;35
80;36
80;3
81;26
81;27
81;28
81;29
81;30
81;31
81;32
81;33
81;34
81;35
81;36
81;3
82;26
82;27
82;28
82;29
82;30
82;31
82;32
82;33
82;34
82;35
82;36
82;3
83;26
83;27
83;28
83;29
83;30
83;31
83;32
83;33
83;34
83;35
83;36
83;3
84;26
84;27
84;28
84;29
84;30
84;31
84;32
84;33
84;34
84;35
84;36
84;1
85;26
85;27
85;28
85;29
85;30
85;31
85;32
85;33
85;34
85;35
85;36
85;2
86;26
86;27
86;28
86;29
86;30
86;31
86;32
86;33
86;34
86;35
86;36
86;1
87;26
87;27
87;28
87;29
87;30
87;31
87;32
87;33
87;34
87;35
87;36
87;3
88;37
88;38
88;39
88;40
88;41
88;42
88;43
88;44
88;45
88;46
88;47
88;3
89;37
89;38
89;39
89;40
89;41
89;42
89;43
89;44
89;45
89;46
89;47
89;1
90;37
90;38
90;39
90;40
90;41
90;42
90;43
90;44
90;45
90;46
90;47
90;1
91;37
91;38
91;39
91;40
91;41
91;42
91;43
91;44
91;45
91;46
91;47
91;1
92;37
92;38
92;39
92;40
92;41
92;42
92;43
92;44
92;45
92;46
92;47
92;1
93;37
93;38
93;39
93;40
93;41
93;42
93;43
93;44
93;45
93;46
93;47
93;3
94;37
94;38
94;39
94;40
94;41
94;42
94;43
94;44
94;45
94;46
94;47
94;2
95;37
95;38
95;39
95;40
95;41
95;42
95;43
95;44
95;45
95;46
95;47
95;2
96;37
96;38
96;39
96;40
96;41
96;42
96;43
96;44
96;45
96;46
96;47
96;2
97;37
97;38
97;39
97;40
97;41
97;42
97;43
97;44
97;45
97;46
97;47
97;2
98;37
98;38
98;39
98;40
98;41
98;42
98;43
98;44
98;45
98;46
98;47
98;3
99;37
99;38
99;39
99;40
99;41
99;42
99;43
99;44
99;45
99;46
99;47
99;2
100;37
100;38
100;39
100;40
100;41
100;42
100;43
100;44
100;45
100;46
100;47
100;3
101;37
101;38
101;39
101;40
101;41
101;42
101;43
101;44
101;45
101;46
101;47
101;3
102;37
102;38
102;39
102;40
102;41
102;42
102;43
102;44
102;45
102;46
102;47
102;2
103;37
103;38
103;39
103;40
103;41
103;42
103;43
103;44
103;45
103;46
103;47
103;1
104;37
104;38
104;39
104;40
104;41
104;42
104;43
104;44
104;45
104;46
104;47
104;3
105;37
105;38
105;39
105;40
105;41
105;42
105;43
105;44
105;45
105;46
105;47
105;1
106;37
106;38
106;39
106;40
106;41
106;42
106;43
106;44
106;45
106;46
106;47
106;1
107;37
107;38
107;39
107;40
107;41
107;42
107;43
107;44
107;45
107;46
107;47
107;1
108;37
108;38
108;39
108;40
108;41
108;42
108;43
108;44
108;45
108;46
108;47
108;3
109;37
109;38
109;39
109;40
109;41
109;42
109;43
109;44
109;45
109;46
109;47
109;3
110;37
110;38
110;39
110;40
110;41
110;42
110;43
110;44
110;45
110;46
110;47
110;3
111;37
111;38
111;39
111;40
111;41
111;42
111;43
111;44
111;45
111;46
111;47
111;2
112;37
112;38
112;39
112;40
112;41
112;42
112;43
112;44
112;45
112;46
112;47
112;1
113;37
113;38
113;39
113;40
113;41
113;42
113;43
113;44
113;45
113;46
113;47
113;1
114;37
114;38
114;39
114;40
114;41
114;42
114;43
114;44
114;45
114;46
114;47
114;3
115;37
115;38
115;39
115;40
115;41
115;42
115;43
115;44
115;45
115;46
115;47
115;3
116;37
116;38
116;39
116;40
116;41
116;42
116;43
116;44
116;45
116;46
116;47
116;3
117;37
117;38
117;39
117;40
117;41
117;42
117;43
117;44
117;45
117;46
117;47
117;1
118;37
118;38
118;39
118;40
118;41
118;42
118;43
118;44
118;45
118;46
118;47
118;1
119;51
119;52
119;53
119;54
119;55
119;56
119;57
119;58
119;59
119;60
119;61
119;50
120;51
120;52
120;53
120;54
120;55
120;56
120;57
120;58
120;59
120;60
120;61
120;49
121;51
121;52
121;53
121;54
121;55
121;56
121;57
121;58
121;59
121;60
121;61
121;49
122;51
122;52
122;53
122;54
122;55
122;56
122;57
122;58
122;59
122;60
122;61
122;49
123;51
123;52
123;53
123;54
123;55
123;56
123;57
123;58
123;59
123;60
123;61
123;48
124;51
124;52
124;53
124;54
124;55
124;56
124;57
124;58
124;59
124;60
124;61
124;50
125;51
125;52
125;53
125;54
125;55
125;56
125;57
125;58
125;59
125;60
125;61
125;50
126;51
126;52
126;53
126;54
126;55
126;56
126;57
126;58
126;59
126;60
126;61
126;49
127;51
127;52
127;53
127;54
127;55
127;56
127;57
127;58
127;59
127;60
127;61
127;50
128;51
128;52
128;53
128;54
128;55
128;56
128;57
128;58
128;59
128;60
128;61
128;48
129;51
129;52
129;53
129;54
129;55
129;56
129;57
129;58
129;59
129;60
129;61
129;49
130;51
130;52
130;53
130;54
130;55
130;56
130;57
130;58
130;59
130;60
130;61
130;49
131;51
131;52
131;53
131;54
131;55
131;56
131;57
131;58
131;59
131;60
131;61
131;49
132;51
132;52
132;53
132;54
132;55
132;56
132;57
132;58
132;59
132;60
132;61
132;49
133;51
133;52
133;53
133;54
133;55
133;56
133;57
133;58
133;59
133;60
133;61
133;50
134;51
134;52
134;53
134;54
134;55
134;56
134;57
134;58
134;59
134;60
134;61
134;49
135;51
135;52
135;53
135;54
135;55
135;56
135;57
135;58
135;59
135;60
135;61
135;50
136;51
136;52
136;53
136;54
136;55
136;56
136;57
136;58
136;59
136;60
136;61
136;49
137;51
137;52
137;53
137;54
137;55
137;56
137;57
137;58
137;59
137;60
137;61
137;48
138;51
138;52
138;53
138;54
138;55
138;56
138;57
138;58
138;59
138;60
138;61
138;49
139;51
139;52
139;53
139;54
139;55
139;56
139;57
139;58
139;59
139;60
139;61
139;50
140;51
140;52
140;53
140;54
140;55
140;56
140;57
140;58
140;59
140;60
140;61
140;48
141;51
141;52
141;53
141;54
141;55
141;56
141;57
141;58
141;59
141;60
141;61
141;50
142;51
142;52
142;53
142;54
142;55
142;56
142;57
142;58
142;59
142;60
142;61
142;48
143;51
143;52
143;53
143;54
143;55
143;56
143;57
143;58
143;59
143;60
143;61
143;48
144;51
144;52
144;53
144;54
144;55
144;56
144;57
144;58
144;59
144;60
144;61
144;50
145;51
145;52
145;53
145;54
145;55
145;56
145;57
145;58
145;59
145;60
145;61
145;50
146;51
146;52
146;53
146;54
146;55
146;56
146;57
146;58
146;59
146;60
146;61
146;50
147;62
147;63
147;64
147;65
147;66
147;67
147;68
147;69
147;70
147;71
147;72
147;49
148;62
148;63
148;64
148;65
148;66
148;67
148;68
148;69
148;70
148;71
148;72
148;50
149;62
149;63
149;64
149;65
149;66
149;67
149;68
149;69
149;70
149;71
149;72
149;49
150;62
150;63
150;64
150;65
150;66
150;67
150;68
150;69
150;70
150;71
150;72
150;50
151;62
151;63
151;64
151;65
151;66
151;67
151;68
151;69
151;70
151;71
151;72
151;48
152;62
152;63
152;64
152;65
152;66
152;67
152;68
152;69
152;70
152;71
152;72
152;49
153;62
153;63
153;64
153;65
153;66
153;67
153;68
153;69
153;70
153;71
153;72
153;49
154;62
154;63
154;64
154;65
154;66
154;67
154;68
154;69
154;70
154;71
154;72
154;48
155;62
155;63
155;64
155;65
155;66
155;67
155;68
155;69
155;70
155;71
155;72
155;49
156;62
156;63
156;64
156;65
156;66
156;67
156;68
156;69
156;70
156;71
156;72
156;48
157;62
157;63
157;64
157;65
157;66
157;67
157;68
157;69
157;70
157;71
157;72
157;49
158;62
158;63
158;64
158;65
158;66
158;67
158;68
158;69
158;70
158;71
158;72
158;50
159;62
159;63
159;64
159;65
159;66
159;67
159;68
159;69
159;70
159;71
159;72
159;50
160;62
160;63
160;64
160;65
160;66
160;67
160;68
160;69
160;70
160;71
160;72
160;50
161;62
161;63
161;64
161;65
161;66
161;67
161;68
161;69
161;70
161;71
161;72
161;50
162;62
162;63
162;64
162;65
162;66
162;67
162;68
162;69
162;70
162;71
162;72
162;49
163;62
163;63
163;64
163;65
163;66
163;67
163;68
163;69
163;70
163;71
163;72
163;49
164;62
164;63
164;64
164;65
164;66
164;67
164;68
164;69
164;70
164;71
164;72
164;50
165;62
165;63
165;64
165;65
165;66
165;67
165;68
165;69
165;70
165;71
165;72
165;50
166;62
166;63
166;64
166;65
166;66
166;67
166;68
166;69
166;70
166;71
166;72
166;50
167;62
167;63
167;64
167;65
167;66
167;67
167;68
167;69
167;70
167;71
167;72
167;50
168;62
168;63
168;64
168;65
168;66
168;67
168;68
168;69
168;70
168;71
168;72
168;49
169;62
169;63
169;64
169;65
169;66
169;67
169;68
169;69
169;70
169;71
169;72
169;50
170;62
170;63
170;64
170;65
170;66
170;67
170;68
170;69
170;70
170;71
170;72
170;48
171;62
171;63
171;64
171;65
171;66
171;67
171;68
171;69
171;70
171;71
171;72
171;48
172;62
172;63
172;64
172;65
172;66
172;67
172;68
172;69
172;70
172;71
172;72
172;50
173;62
173;63
173;64
173;65
173;66
173;67
173;68
173;69
173;70
173;71
173;72
173;48
174;62
174;63
174;64
174;65
174;66
174;67
174;68
174;69
174;70
174;71
174;72
174;48
175;62
175;63
175;64
175;65
175;66
175;67
175;68
175;69
175;70
175;71
175;72
175;48
176;73
176;74
176;75
176;76
176;77
176;78
176;79
176;80
176;81
176;82
176;83
176;49
177;73
177;74
177;75
177;76
177;77
177;78
177;79
177;80
177;81
177;82
177;83
177;48
178;73
178;74
178;75
178;76
178;77
178;78
178;79
178;80
178;81
178;82
178;83
178;50
179;73
179;74
179;75
179;76
179;77
179;78
179;79
179;80
179;81
179;82
179;83
179;49
180;73
180;74
180;75
180;76
180;77
180;78
180;79
180;80
180;81
180;82
180;83
180;50
181;73
181;74
181;75
181;76
181;77
181;78
181;79
181;80
181;81
181;82
181;83
181;48
182;73
182;74
182;75
182;76
182;77
182;78
182;79
182;80
182;81
182;82
182;83
182;49
183;73
183;74
183;75
183;76
183;77
183;78
183;79
183;80
183;81
183;82
183;83
183;48
184;73
184;74
184;75
184;76
184;77
184;78
184;79
184;80
184;81
184;82
184;83
184;49
185;73
185;74
185;75
185;76
185;77
185;78
185;79
185;80
185;81
185;82
185;83
185;48
186;73
186;74
186;75
186;76
186;77
186;78
186;79
186;80
186;81
186;82
186;83
186;48
187;73
187;74
187;75
187;76
187;77
187;78
187;79
187;80
187;81
187;82
187;83
187;50
188;73
188;74
188;75
188;76
188;77
188;78
188;79
188;80
188;81
188;82
188;83
188;50
189;73
189;74
189;75
189;76
189;77
189;78
189;79
189;80
189;81
189;82
189;83
189;49
190;73
190;74
190;75
190;76
190;77
190;78
190;79
190;80
190;81
190;82
190;83
190;50
191;73
191;74
191;75
191;76
191;77
191;78
191;79
191;80
191;81
191;82
191;83
191;50
192;73
192;74
192;75
192;76
192;77
192;78
192;79
192;80
192;81
192;82
192;83
192;50
193;73
193;74
193;75
193;76
193;77
193;78
193;79
193;80
193;81
193;82
193;83
193;49
194;73
194;74
194;75
194;76
194;77
194;78
194;79
194;80
194;81
194;82
194;83
194;49
195;73
195;74
195;75
195;76
195;77
195;78
195;79
195;80
195;81
195;82
195;83
195;49
196;73
196;74
196;75
196;76
196;77
196;78
196;79
196;80
196;81
196;82
196;83
196;48
197;73
197;74
197;75
197;76
197;77
197;78
197;79
197;80
197;81
197;82
197;83
197;50
198;73
198;74
198;75
198;76
198;77
198;78
198;79
198;80
198;81
198;82
198;83
198;50
199;73
199;74
199;75
199;76
199;77
199;78
199;79
199;80
199;81
199;82
199;83
199;48
200;73
200;74
200;75
200;76
200;77
200;78
200;79
200;80
200;81
200;82
200;83
200;50
201;73
201;74
201;75
201;76
201;77
201;78
201;79
201;80
201;81
201;82
201;83
201;48
202;73
202;74
202;75
202;76
202;77
202;78
202;79
202;80
202;81
202;82
202;83
202;48
203;73
203;74
203;75
203;76
203;77
203;78
203;79
203;80
203;81
203;82
203;83
203;49
204;73
204;74
204;75
204;76
204;77
204;78
204;79
204;80
204;81
204;82
204;83
204;48
205;84
205;85
205;86
205;87
205;88
205;89
205;90
205;91
205;92
205;93
205;94
205;49
206;84
206;85
206;86
206;87
206;88
206;89
206;90
206;91
206;92
206;93
206;94
206;49
207;84
207;85
207;86
207;87
207;88
207;89
207;90
207;91
207;92
207;93
207;94
207;50
208;84
208;85
208;86
208;87
208;88
208;89
208;90
208;91
208;92
208;93
208;94
208;49
209;84
209;85
209;86
209;87
209;88
209;89
209;90
209;91
209;92
209;93
209;94
209;50
210;84
210;85
210;86
210;87
210;88
210;89
210;90
210;91
210;92
210;93
210;94
210;50
211;84
211;85
211;86
211;87
211;88
211;89
211;90
211;91
211;92
211;93
211;94
211;48
212;84
212;85
212;86
212;87
212;88
212;89
212;90
212;91
212;92
212;93
212;94
212;49
213;84
213;85
213;86
213;87
213;88
213;89
213;90
213;91
213;92
213;93
213;94
213;50
214;84
214;85
214;86
214;87
214;88
214;89
214;90
214;91
214;92
214;93
214;94
214;49
215;84
215;85
215;86
215;87
215;88
215;89
215;90
215;91
215;92
215;93
215;94
215;48
216;84
216;85
216;86
216;87
216;88
216;89
216;90
216;91
216;92
216;93
216;94
216;50
217;84
217;85
217;86
217;87
217;88
217;89
217;90
217;91
217;92
217;93
217;94
217;48
218;84
218;85
218;86
218;87
218;88
218;89
218;90
218;91
218;92
218;93
218;94
218;48
219;84
219;85
219;86
219;87
219;88
219;89
219;90
219;91
219;92
219;93
219;94
219;48
220;84
220;85
220;86
220;87
220;88
220;89
220;90
220;91
220;92
220;93
220;94
220;50
221;84
221;85
221;86
221;87
221;88
221;89
221;90
221;91
221;92
221;93
221;94
221;49
222;84
222;85
222;86
222;87
222;88
222;89
222;90
222;91
222;92
222;93
222;94
222;49
223;84
223;85
223;86
223;87
223;88
223;89
223;90
223;91
223;92
223;93
223;94
223;49
224;84
224;85
224;86
224;87
224;88
224;89
224;90
224;91
224;92
224;93
224;94
224;49
225;84
225;85
225;86
225;87
225;88
225;89
225;90
225;91
225;92
225;93
225;94
225;50
226;84
226;85
226;86
226;87
226;88
226;89
226;90
226;91
226;92
226;93
226;94
226;49
227;84
227;85
227;86
227;87
227;88
227;89
227;90
227;91
227;92
227;93
227;94
227;49
228;84
228;85
228;86
228;87
228;88
228;89
228;90
228;91
228;92
228;93
228;94
228;48
229;84
229;85
229;86
229;87
229;88
229;89
229;90
229;91
229;92
229;93
229;94
229;50
230;84
230;85
230;86
230;87
230;88
230;89
230;90
230;91
230;92
230;93
230;94
230;48
231;84
231;85
231;86
231;87
231;88
231;89
231;90
231;91
231;92
231;93
231;94
231;49
232;84
232;85
232;86
232;87
232;88
232;89
232;90
232;91
232;92
232;93
232;94
232;50
233;84
233;85
233;86
233;87
233;88
233;89
233;90
233;91
233;92
233;93
233;94
233;50
234;84
234;85
234;86
234;87
234;88
234;89
234;90
234;91
234;92
234;93
234;94
234;48
235;101
235;102
235;103
235;104
235;105
235;106
235;107
235;108
235;109
235;110
235;96
235;100
236;101
236;102
236;103
236;104
236;105
236;106
236;107
236;108
236;109
236;110
236;95
236;100
237;101
237;102
237;103
237;104
237;105
237;106
237;107
237;108
237;109
237;110
237;95
237;99
238;101
238;102
238;103
238;104
238;105
238;106
238;107
238;108
238;109
238;110
238;97
238;100
239;101
239;102
239;103
239;104
239;105
239;106
239;107
239;108
239;109
239;110
239;95
239;98
240;101
240;102
240;103
240;104
240;105
240;106
240;107
240;108
240;109
240;110
240;97
240;100
241;101
241;102
241;103
241;104
241;105
241;106
241;107
241;108
241;109
241;110
241;96
241;99
242;101
242;102
242;103
242;104
242;105
242;106
242;107
242;108
242;109
242;110
242;95
242;98
243;101
243;102
243;103
243;104
243;105
243;106
243;107
243;108
243;109
243;110
243;95
243;99
244;101
244;102
244;103
244;104
244;105
244;106
244;107
244;108
244;109
244;110
244;95
244;99
245;101
245;102
245;103
245;104
245;105
245;106
245;107
245;108
245;109
245;110
245;97
245;99
246;101
246;102
246;103
246;104
246;105
246;106
246;107
246;108
246;109
246;110
246;95
246;98
247;101
247;102
247;103
247;104
247;105
247;106
247;107
247;108
247;109
247;110
247;96
247;98
248;101
248;102
248;103
248;104
248;105
248;106
248;107
248;108
248;109
248;110
248;95
248;98
249;101
249;102
249;103
249;104
249;105
249;106
249;107
249;108
249;109
249;110
249;97
249;100
250;101
250;102
250;103
250;104
250;105
250;106
250;107
250;108
250;109
250;110
250;96
250;98
251;101
251;102
251;103
251;104
251;105
251;106
251;107
251;108
251;109
251;110
251;97
251;99
252;101
252;102
252;103
252;104
252;105
252;106
252;107
252;108
252;109
252;110
252;95
252;98
253;101
253;102
253;103
253;104
253;105
253;106
253;107
253;108
253;109
253;110
253;97
253;98
254;101
254;102
254;103
254;104
254;105
254;106
254;107
254;108
254;109
254;110
254;97
254;100
255;101
255;102
255;103
255;104
255;105
255;106
255;107
255;108
255;109
255;110
255;96
255;99
256;101
256;102
256;103
256;104
256;105
256;106
256;107
256;108
256;109
256;110
256;95
256;98
257;101
257;102
257;103
257;104
257;105
257;106
257;107
257;108
257;109
257;110
257;96
257;99
258;101
258;102
258;103
258;104
258;105
258;106
258;107
258;108
258;109
258;110
258;95
258;100
259;101
259;102
259;103
259;104
259;105
259;106
259;107
259;108
259;109
259;110
259;95
259;98
260;101
260;102
260;103
260;104
260;105
260;106
260;107
260;108
260;109
260;110
260;97
260;98
261;101
261;102
261;103
261;104
261;105
261;106
261;107
261;108
261;109
261;110
261;95
261;100
262;101
262;102
262;103
262;104
262;105
262;106
262;107
262;108
262;109
262;110
262;95
262;99
263;111
263;112
263;113
263;114
263;115
263;116
263;117
263;118
263;119
263;120
263;97
263;98
264;111
264;112
264;113
264;114
264;115
264;116
264;117
264;118
264;119
264;120
264;95
264;100
265;111
265;112
265;113
265;114
265;115
265;116
265;117
265;118
265;119
265;120
265;97
265;98
266;111
266;112
266;113
266;114
266;115
266;116
266;117
266;118
266;119
266;120
266;95
266;99
267;111
267;112
267;113
267;114
267;115
267;116
267;117
267;118
267;119
267;120
267;96
267;98
268;111
268;112
268;113
268;114
268;115
268;116
268;117
268;118
268;119
268;120
268;97
268;100
269;111
269;112
269;113
269;114
269;115
269;116
269;117
269;118
269;119
269;120
269;97
269;98
270;111
270;112
270;113
270;114
270;115
270;116
270;117
270;118
270;119
270;120
270;96
270;100
271;111
271;112
271;113
271;114
271;115
271;116
271;117
271;118
271;119
271;120
271;96
271;98
272;111
272;112
272;113
272;114
272;115
272;116
272;117
272;118
272;119
272;120
272;96
272;100
273;111
273;112
273;113
273;114
273;115
273;116
273;117
273;118
273;119
273;120
273;95
273;99
274;111
274;112
274;113
274;114
274;115
274;116
274;117
274;118
274;119
274;120
274;97
274;100
275;111
275;112
275;113
275;114
275;115
275;116
275;117
275;118
275;119
275;120
275;96
275;98
276;111
276;112
276;113
276;114
276;115
276;116
276;117
276;118
276;119
276;120
276;96
276;98
277;111
277;112
277;113
277;114
277;115
277;116
277;117
277;118
277;119
277;120
277;96
277;98
278;111
278;112
278;113
278;114
278;115
278;116
278;117
278;118
278;119
278;120
278;95
278;100
279;111
279;112
279;113
279;114
279;115
279;116
279;117
279;118
279;119
279;120
279;97
279;98
280;111
280;112
280;113
280;114
280;115
280;116
280;117
280;118
280;119
280;120
280;95
280;99
281;111
281;112
281;113
281;114
281;115
281;116
281;117
281;118
281;119
281;120
281;96
281;100
282;111
282;112
282;113
282;114
282;115
282;116
282;117
282;118
282;119
282;120
282;96
282;100
283;111
283;112
283;113
283;114
283;115
283;116
283;117
283;118
283;119
283;120
283;96
283;98
284;111
284;112
284;113
284;114
284;115
284;116
284;117
284;118
284;119
284;120
284;95
284;99
285;111
285;112
285;113
285;114
285;115
285;116
285;117
285;118
285;119
285;120
285;97
285;98
286;111
286;112
286;113
286;114
286;115
286;116
286;117
286;118
286;119
286;120
286;96
286;98
287;111
287;112
287;113
287;114
287;115
287;116
287;117
287;118
287;119
287;120
287;96
287;100
288;111
288;112
288;113
288;114
288;115
288;116
288;117
288;118
288;119
288;120
288;96
288;99
289;111
289;112
289;113
289;114
289;115
289;116
289;117
289;118
289;119
289;120
289;96
289;98
290;111
290;112
290;113
290;114
290;115
290;116
290;117
290;118
290;119
290;120
290;95
290;100
291;121
291;122
291;123
291;124
291;125
291;126
291;127
291;128
291;129
291;130
291;95
291;100
292;121
292;122
292;123
292;124
292;125
292;126
292;127
292;128
292;129
292;130
292;96
292;100
293;121
293;122
293;123
293;124
293;125
293;126
293;127
293;128
293;129
293;130
293;97
293;100
294;121
294;122
294;123
294;124
294;125
294;126
294;127
294;128
294;129
294;130
294;95
294;98
295;121
295;122
295;123
295;124
295;125
295;126
295;127
295;128
295;129
295;130
295;97
295;98
296;121
296;122
296;123
296;124
296;125
296;126
296;127
296;128
296;129
296;130
296;96
296;99
297;121
297;122
297;123
297;124
297;125
297;126
297;127
297;128
297;129
297;130
297;95
297;100
298;121
298;122
298;123
298;124
298;125
298;126
298;127
298;128
298;129
298;130
298;97
298;100
299;121
299;122
299;123
299;124
299;125
299;126
299;127
299;128
299;129
299;130
299;95
299;99
300;121
300;122
300;123
300;124
300;125
300;126
300;127
300;128
300;129
300;130
300;96
300;98
301;121
301;122
301;123
301;124
301;125
301;126
301;127
301;128
301;129
301;130
301;97
301;98
302;121
302;122
302;123
302;124
302;125
302;126
302;127
302;128
302;129
302;130
302;96
302;98
303;121
303;122
303;123
303;124
303;125
303;126
303;127
303;128
303;129
303;130
303;95
303;100
304;121
304;122
304;123
304;124
304;125
304;126
304;127
304;128
304;129
304;130
304;96
304;98
305;121
305;122
305;123
305;124
305;125
305;126
305;127
305;128
305;129
305;130
305;97
305;98
306;121
306;122
306;123
306;124
306;125
306;126
306;127
306;128
306;129
306;130
306;97
306;98
307;121
307;122
307;123
307;124
307;125
307;126
307;127
307;128
307;129
307;130
307;97
307;98
308;121
308;122
308;123
308;124
308;125
308;126
308;127
308;128
308;129
308;130
308;95
308;98
309;121
309;122
309;123
309;124
309;125
309;126
309;127
309;128
309;129
309;130
309;96
309;98
310;121
310;122
310;123
310;124
310;125
310;126
310;127
310;128
310;129
310;130
310;95
310;100
311;121
311;122
311;123
311;124
311;125
311;126
311;127
311;128
311;129
311;130
311;96
311;98
312;121
312;122
312;123
312;124
312;125
312;126
312;127
312;128
312;129
312;130
312;95
312;99
313;121
313;122
313;123
313;124
313;125
313;126
313;127
313;128
313;129
313;130
313;97
313;100
314;121
314;122
314;123
314;124
314;125
314;126
314;127
314;128
314;129
314;130
314;97
314;100
315;121
315;122
315;123
315;124
315;125
315;126
315;127
315;128
315;129
315;130
315;96
315;100
316;121
316;122
316;123
316;124
316;125
316;126
316;127
316;128
316;129
316;130
316;95
316;99
317;121
317;122
317;123
317;124
317;125
317;126
317;127
317;128
317;129
317;130
317;96
317;99
318;121
318;122
318;123
318;124
318;125
318;126
318;127
318;128
318;129
318;130
318;95
318;98
319;121
319;122
319;123
319;124
319;125
319;126
319;127
319;128
319;129
319;130
319;97
319;98
320;121
320;122
320;123
320;124
320;125
320;126
320;127
320;128
320;129
320;130
320;96
320;98
321;131
321;132
321;133
321;134
321;135
321;136
321;137
321;138
321;139
321;140
321;96
321;98
322;131
322;132
322;133
322;134
322;135
322;136
322;137
322;138
322;139
322;140
322;96
322;99
323;131
323;132
323;133
323;134
323;135
323;136
323;137
323;138
323;139
323;140
323;95
323;99
324;131
324;132
324;133
324;134
324;135
324;136
324;137
324;138
324;139
324;140
324;96
324;98
325;131
325;132
325;133
325;134
325;135
325;136
325;137
325;138
325;139
325;140
325;97
325;98
326;131
326;132
326;133
326;134
326;135
326;136
326;137
326;138
326;139
326;140
326;96
326;100
327;131
327;132
327;133
327;134
327;135
327;136
327;137
327;138
327;139
327;140
327;96
327;98
328;131
328;132
328;133
328;134
328;135
328;136
328;137
328;138
328;139
328;140
328;97
328;98
329;131
329;132
329;133
329;134
329;135
329;136
329;137
329;138
329;139
329;140
329;97
329;98
330;131
330;132
330;133
330;134
330;135
330;136
330;137
330;138
330;139
330;140
330;95
330;99
331;131
331;132
331;133
331;134
331;135
331;136
331;137
331;138
331;139
331;140
331;97
331;98
332;131
332;132
332;133
332;134
332;135
332;136
332;137
332;138
332;139
332;140
332;97
332;98
333;131
333;132
333;133
333;134
333;135
333;136
333;137
333;138
333;139
333;140
333;97
333;98
334;131
334;132
334;133
334;134
334;135
334;136
334;137
334;138
334;139
334;140
334;96
334;99
335;131
335;132
335;133
335;134
335;135
335;136
335;137
335;138
335;139
335;140
335;95
335;99
336;131
336;132
336;133
336;134
336;135
336;136
336;137
336;138
336;139
336;140
336;96
336;98
337;131
337;132
337;133
337;134
337;135
337;136
337;137
337;138
337;139
337;140
337;96
337;98
338;131
338;132
338;133
338;134
338;135
338;136
338;137
338;138
338;139
338;140
338;97
338;100
339;131
339;132
339;133
339;134
339;135
339;136
339;137
339;138
339;139
339;140
339;97
339;98
340;131
340;132
340;133
340;134
340;135
340;136
340;137
340;138
340;139
340;140
340;95
340;99
341;131
341;132
341;133
341;134
341;135
341;136
341;137
341;138
341;139
341;140
341;97
341;100
342;131
342;132
342;133
342;134
342;135
342;136
342;137
342;138
342;139
342;140
342;95
342;100
343;131
343;132
343;133
343;134
343;135
343;136
343;137
343;138
343;139
343;140
343;97
343;98
344;131
344;132
344;133
344;134
344;135
344;136
344;137
344;138
344;139
344;140
344;97
344;99
345;131
345;132
345;133
345;134
345;135
345;136
345;137
345;138
345;139
345;140
345;96
345;100
346;131
346;132
346;133
346;134
346;135
346;136
346;137
346;138
346;139
346;140
346;96
346;99
347;131
347;132
347;133
347;134
347;135
347;136
347;137
347;138
347;139
347;140
347;95
347;100
348;131
348;132
348;133
348;134
348;135
348;136
348;137
348;138
348;139
348;140
348;95
348;98
349;131
349;132
349;133
349;134
349;135
349;136
349;137
349;138
349;139
349;140
349;97
349;98
350;131
350;132
350;133
350;134
350;135
350;136
350;137
350;138
350;139
350;140
350;95
350;98
351;131
351;132
351;133
351;134
351;135
351;136
351;137
351;138
351;139
351;140
351;97
351;99
352;147
352;148
352;149
352;150
352;151
352;152
352;153
352;154
352;155
352;156
352;141
352;146
353;147
353;148
353;149
353;150
353;151
353;152
353;153
353;154
353;155
353;156
353;142
353;144
354;147
354;148
354;149
354;150
354;151
354;152
354;153
354;154
354;155
354;156
354;142
354;144
355;147
355;148
355;149
355;150
355;151
355;152
355;153
355;154
355;155
355;156
355;142
355;144
356;147
356;148
356;149
356;150
356;151
356;152
356;153
356;154
356;155
356;156
356;141
356;145
357;147
357;148
357;149
357;150
357;151
357;152
357;153
357;154
357;155
357;156
357;141
357;144
358;147
358;148
358;149
358;150
358;151
358;152
358;153
358;154
358;155
358;156
358;142
358;144
359;147
359;148
359;149
359;150
359;151
359;152
359;153
359;154
359;155
359;156
359;143
359;146
360;147
360;148
360;149
360;150
360;151
360;152
360;153
360;154
360;155
360;156
360;141
360;146
361;147
361;148
361;149
361;150
361;151
361;152
361;153
361;154
361;155
361;156
361;143
361;146
362;147
362;148
362;149
362;150
362;151
362;152
362;153
362;154
362;155
362;156
362;141
362;146
363;147
363;148
363;149
363;150
363;151
363;152
363;153
363;154
363;155
363;156
363;142
363;145
364;147
364;148
364;149
364;150
364;151
364;152
364;153
364;154
364;155
364;156
364;142
364;144
365;147
365;148
365;149
365;150
365;151
365;152
365;153
365;154
365;155
365;156
365;142
365;146
366;147
366;148
366;149
366;150
366;151
366;152
366;153
366;154
366;155
366;156
366;143
366;144
367;147
367;148
367;149
367;150
367;151
367;152
367;153
367;154
367;155
367;156
367;141
367;145
368;147
368;148
368;149
368;150
368;151
368;152
368;153
368;154
368;155
368;156
368;142
368;145
369;147
369;148
369;149
369;150
369;151
369;152
369;153
369;154
369;155
369;156
369;143
369;144
370;147
370;148
370;149
370;150
370;151
370;152
370;153
370;154
370;155
370;156
370;142
370;145
371;147
371;148
371;149
371;150
371;151
371;152
371;153
371;154
371;155
371;156
371;142
371;146
372;147
372;148
372;149
372;150
372;151
372;152
372;153
372;154
372;155
372;156
372;141
372;146
373;147
373;148
373;149
373;150
373;151
373;152
373;153
373;154
373;155
373;156
373;141
373;146
374;147
374;148
374;149
374;150
374;151
374;152
374;153
374;154
374;155
374;156
374;141
374;144
375;147
375;148
375;149
375;150
375;151
375;152
375;153
375;154
375;155
375;156
375;143
375;146
376;147
376;148
376;149
376;150
376;151
376;152
376;153
376;154
376;155
376;156
376;142
376;144
377;147
377;148
377;149
377;150
377;151
377;152
377;153
377;154
377;155
377;156
377;142
377;146
378;147
378;148
378;149
378;150
378;151
378;152
378;153
378;154
378;155
378;156
378;143
378;146
379;147
379;148
379;149
379;150
379;151
379;152
379;153
379;154
379;155
379;156
379;141
379;146
380;147
380;148
380;149
380;150
380;151
380;152
380;153
380;154
380;155
380;156
380;143
380;145
381;157
381;158
381;159
381;160
381;161
381;162
381;163
381;164
381;165
381;166
381;143
381;145
382;157
382;158
382;159
382;160
382;161
382;162
382;163
382;164
382;165
382;166
382;141
382;144
383;157
383;158
383;159
383;160
383;161
383;162
383;163
383;164
383;165
383;166
383;141
383;146
384;157
384;158
384;159
384;160
384;161
384;162
384;163
384;164
384;165
384;166
384;142
384;146
385;157
385;158
385;159
385;160
385;161
385;162
385;163
385;164
385;165
385;166
385;143
385;146
386;157
386;158
386;159
386;160
386;161
386;162
386;163
386;164
386;165
386;166
386;143
386;146
387;157
387;158
387;159
387;160
387;161
387;162
387;163
387;164
387;165
387;166
387;142
387;144
388;157
388;158
388;159
388;160
388;161
388;162
388;163
388;164
388;165
388;166
388;141
388;144
389;157
389;158
389;159
389;160
389;161
389;162
389;163
389;164
389;165
389;166
389;141
389;145
390;157
390;158
390;159
390;160
390;161
390;162
390;163
390;164
390;165
390;166
390;141
390;145
391;157
391;158
391;159
391;160
391;161
391;162
391;163
391;164
391;165
391;166
391;141
391;144
392;157
392;158
392;159
392;160
392;161
392;162
392;163
392;164
392;165
392;166
392;142
392;146
393;157
393;158
393;159
393;160
393;161
393;162
393;163
393;164
393;165
393;166
393;143
393;144
394;157
394;158
394;159
394;160
394;161
394;162
394;163
394;164
394;165
394;166
394;141
394;146
395;157
395;158
395;159
395;160
395;161
395;162
395;163
395;164
395;165
395;166
395;142
395;144
396;157
396;158
396;159
396;160
396;161
396;162
396;163
396;164
396;165
396;166
396;143
396;144
397;157
397;158
397;159
397;160
397;161
397;162
397;163
397;164
397;165
397;166
397;141
397;146
398;157
398;158
398;159
398;160
398;161
398;162
398;163
398;164
398;165
398;166
398;142
398;144
399;157
399;158
399;159
399;160
399;161
399;162
399;163
399;164
399;165
399;166
399;142
399;145
400;157
400;158
400;159
400;160
400;161
400;162
400;163
400;164
400;165
400;166
400;143
400;146
401;157
401;158
401;159
401;160
401;161
401;162
401;163
401;164
401;165
401;166
401;142
401;144
402;157
402;158
402;159
402;160
402;161
402;162
402;163
402;164
402;165
402;166
402;143
402;144
403;157
403;158
403;159
403;160
403;161
403;162
403;163
403;164
403;165
403;166
403;141
403;146
404;157
404;158
404;159
404;160
404;161
404;162
404;163
404;164
404;165
404;166
404;141
404;144
405;157
405;158
405;159
405;160
405;161
405;162
405;163
405;164
405;165
405;166
405;143
405;145
406;157
406;158
406;159
406;160
406;161
406;162
406;163
406;164
406;165
406;166
406;142
406;146
407;157
407;158
407;159
407;160
407;161
407;162
407;163
407;164
407;165
407;166
407;142
407;145
408;157
408;158
408;159
408;160
408;161
408;162
408;163
408;164
408;165
408;166
408;141
408;146
409;157
409;158
409;159
409;160
409;161
409;162
409;163
409;164
409;165
409;166
409;142
409;145
410;167
410;168
410;169
410;170
410;171
410;172
410;173
410;174
410;175
410;176
410;143
410;145
411;167
411;168
411;169
411;170
411;171
411;172
411;173
411;174
411;175
411;176
411;143
411;144
412;167
412;168
412;169
412;170
412;171
412;172
412;173
412;174
412;175
412;176
412;141
412;145
413;167
413;168
413;169
413;170
413;171
413;172
413;173
413;174
413;175
413;176
413;142
413;144
414;167
414;168
414;169
414;170
414;171
414;172
414;173
414;174
414;175
414;176
414;143
414;145
415;167
415;168
415;169
415;170
415;171
415;172
415;173
415;174
415;175
415;176
415;141
415;145
416;167
416;168
416;169
416;170
416;171
416;172
416;173
416;174
416;175
416;176
416;141
416;145
417;167
417;168
417;169
417;170
417;171
417;172
417;173
417;174
417;175
417;176
417;142
417;146
418;167
418;168
418;169
418;170
418;171
418;172
418;173
418;174
418;175
418;176
418;141
418;146
419;167
419;168
419;169
419;170
419;171
419;172
419;173
419;174
419;175
419;176
419;142
419;145
420;167
420;168
420;169
420;170
420;171
420;172
420;173
420;174
420;175
420;176
420;143
420;146
421;167
421;168
421;169
421;170
421;171
421;172
421;173
421;174
421;175
421;176
421;142
421;146
422;167
422;168
422;169
422;170
422;171
422;172
422;173
422;174
422;175
422;176
422;141
422;145
423;167
423;168
423;169
423;170
423;171
423;172
423;173
423;174
423;175
423;176
423;141
423;145
424;167
424;168
424;169
424;170
424;171
424;172
424;173
424;174
424;175
424;176
424;141
424;145
425;167
425;168
425;169
425;170
425;171
425;172
425;173
425;174
425;175
425;176
425;141
425;144
426;167
426;168
426;169
426;170
426;171
426;172
426;173
426;174
426;175
426;176
426;141
426;145
427;167
427;168
427;169
427;170
427;171
427;172
427;173
427;174
427;175
427;176
427;142
427;145
428;167
428;168
428;169
428;170
428;171
428;172
428;173
428;174
428;175
428;176
428;143
428;144
429;167
429;168
429;169
429;170
429;171
429;172
429;173
429;174
429;175
429;176
429;143
429;146
430;167
430;168
430;169
430;170
430;171
430;172
430;173
430;174
430;175
430;176
430;143
430;145
431;167
431;168
431;169
431;170
431;171
431;172
431;173
431;174
431;175
431;176
431;142
431;146
432;167
432;168
432;169
432;170
432;171
432;172
432;173
432;174
432;175
432;176
432;143
432;146
433;167
433;168
433;169
433;170
433;171
433;172
433;173
433;174
433;175
433;176
433;141
433;146
434;167
434;168
434;169
434;170
434;171
434;172
434;173
434;174
434;175
434;176
434;141
434;145
435;167
435;168
435;169
435;170
435;171
435;172
435;173
435;174
435;175
435;176
435;143
435;144
436;167
436;168
436;169
436;170
436;171
436;172
436;173
436;174
436;175
436;176
436;142
436;144
437;167
437;168
437;169
437;170
437;171
437;172
437;173
437;174
437;175
437;176
437;141
437;144
438;167
438;168
438;169
438;170
438;171
438;172
438;173
438;174
438;175
438;176
438;142
438;146
439;167
439;168
439;169
439;170
439;171
439;172
439;173
439;174
439;175
439;176
439;141
439;145
440;177
440;178
440;179
440;180
440;181
440;182
440;183
440;184
440;185
440;186
440;141
440;146
441;177
441;178
441;179
441;180
441;181
441;182
441;183
441;184
441;185
441;186
441;141
441;144
442;177
442;178
442;179
442;180
442;181
442;182
442;183
442;184
442;185
442;186
442;143
442;146
443;177
443;178
443;179
443;180
443;181
443;182
443;183
443;184
443;185
443;186
443;143
443;146
444;177
444;178
444;179
444;180
444;181
444;182
444;183
444;184
444;185
444;186
444;142
444;144
445;177
445;178
445;179
445;180
445;181
445;182
445;183
445;184
445;185
445;186
445;142
445;144
446;177
446;178
446;179
446;180
446;181
446;182
446;183
446;184
446;185
446;186
446;142
446;144
447;177
447;178
447;179
447;180
447;181
447;182
447;183
447;184
447;185
447;186
447;142
447;146
448;177
448;178
448;179
448;180
448;181
448;182
448;183
448;184
448;185
448;186
448;141
448;146
449;177
449;178
449;179
449;180
449;181
449;182
449;183
449;184
449;185
449;186
449;142
449;146
450;177
450;178
450;179
450;180
450;181
450;182
450;183
450;184
450;185
450;186
450;141
450;146
451;177
451;178
451;179
451;180
451;181
451;182
451;183
451;184
451;185
451;186
451;142
451;145
452;177
452;178
452;179
452;180
452;181
452;182
452;183
452;184
452;185
452;186
452;141
452;144
453;177
453;178
453;179
453;180
453;181
453;182
453;183
453;184
453;185
453;186
453;141
453;146
454;177
454;178
454;179
454;180
454;181
454;182
454;183
454;184
454;185
454;186
454;141
454;144
455;177
455;178
455;179
455;180
455;181
455;182
455;183
455;184
455;185
455;186
455;143
455;146
456;177
456;178
456;179
456;180
456;181
456;182
456;183
456;184
456;185
456;186
456;143
456;145
457;177
457;178
457;179
457;180
457;181
457;182
457;183
457;184
457;185
457;186
457;141
457;145
458;177
458;178
458;179
458;180
458;181
458;182
458;183
458;184
458;185
458;186
458;143
458;144
459;177
459;178
459;179
459;180
459;181
459;182
459;183
459;184
459;185
459;186
459;143
459;146
460;177
460;178
460;179
460;180
460;181
460;182
460;183
460;184
460;185
460;186
460;143
460;146
461;177
461;178
461;179
461;180
461;181
461;182
461;183
461;184
461;185
461;186
461;141
461;145
462;177
462;178
462;179
462;180
462;181
462;182
462;183
462;184
462;185
462;186
462;142
462;144
463;177
463;178
463;179
463;180
463;181
463;182
463;183
463;184
463;185
463;186
463;142
463;146
464;177
464;178
464;179
464;180
464;181
464;182
464;183
464;184
464;185
464;186
464;143
464;144
465;177
465;178
465;179
465;180
465;181
465;182
465;183
465;184
465;185
465;186
465;142
465;144
466;177
466;178
466;179
466;180
466;181
466;182
466;183
466;184
466;185
466;186
466;143
466;144
467;177
467;178
467;179
467;180
467;181
467;182
467;183
467;184
467;185
467;186
467;141
467;146
468;177
468;178
468;179
468;180
468;181
468;182
468;183
468;184
468;185
468;186
468;142
468;145
469;177
469;178
469;179
469;180
469;181
469;182
469;183
469;184
469;185
469;186
469;142
469;144
470;177
470;178
470;179
470;180
470;181
470;182
470;183
470;184
470;185
470;186
470;143
470;144
471;195
471;196
471;197
471;198
471;199
471;200
471;201
471;202
471;188
471;192
471;194
472;195
472;196
472;197
472;198
472;199
472;200
472;201
472;202
472;189
472;190
472;193
473;195
473;196
473;197
473;198
473;199
473;200
473;201
473;202
473;188
473;192
473;194
474;195
474;196
474;197
474;198
474;199
474;200
474;201
474;202
474;189
474;190
474;194
475;195
475;196
475;197
475;198
475;199
475;200
475;201
475;202
475;188
475;192
475;193
476;195
476;196
476;197
476;198
476;199
476;200
476;201
476;202
476;188
476;190
476;193
477;195
477;196
477;197
477;198
477;199
477;200
477;201
477;202
477;188
477;191
477;194
478;195
478;196
478;197
478;198
478;199
478;200
478;201
478;202
478;188
478;190
478;194
479;195
479;196
479;197
479;198
479;199
479;200
479;201
479;202
479;188
479;192
479;193
480;195
480;196
480;197
480;198
480;199
480;200
480;201
480;202
480;189
480;192
480;194
481;195
481;196
481;197
481;198
481;199
481;200
481;201
481;202
481;187
481;191
481;193
482;195
482;196
482;197
482;198
482;199
482;200
482;201
482;202
482;187
482;190
482;193
483;195
483;196
483;197
483;198
483;199
483;200
483;201
483;202
483;188
483;192
483;193
484;195
484;196
484;197
484;198
484;199
484;200
484;201
484;202
484;188
484;190
484;193
485;195
485;196
485;197
485;198
485;199
485;200
485;201
485;202
485;189
485;190
485;194
486;195
486;196
486;197
486;198
486;199
486;200
486;201
486;202
486;189
486;192
486;194
487;195
487;196
487;197
487;198
487;199
487;200
487;201
487;202
487;188
487;190
487;193
488;195
488;196
488;197
488;198
488;199
488;200
488;201
488;202
488;189
488;190
488;193
489;195
489;196
489;197
489;198
489;199
489;200
489;201
489;202
489;189
489;192
489;193
490;195
490;196
490;197
490;198
490;199
490;200
490;201
490;202
490;187
490;190
490;194
491;195
491;196
491;197
491;198
491;199
491;200
491;201
491;202
491;188
491;190
491;193
492;195
492;196
492;197
492;198
492;199
492;200
492;201
492;202
492;188
492;192
492;193
493;195
493;196
493;197
493;198
493;199
493;200
493;201
493;202
493;189
493;192
493;193
494;195
494;196
494;197
494;198
494;199
494;200
494;201
494;202
494;189
494;192
494;193
495;195
495;196
495;197
495;198
495;199
495;200
495;201
495;202
495;188
495;192
495;193
496;195
496;196
496;197
496;198
496;199
496;200
496;201
496;202
496;189
496;191
496;194
497;195
497;196
497;197
497;198
497;199
497;200
497;201
497;202
497;189
497;190
497;193
498;195
498;196
498;197
498;198
498;199
498;200
498;201
498;202
498;189
498;191
498;193
499;195
499;196
499;197
499;198
499;199
499;200
499;201
499;202
499;187
499;190
499;193
500;195
500;196
500;197
500;198
500;199
500;200
500;201
500;202
500;188
500;191
500;194
501;203
501;204
501;205
501;206
501;207
501;208
501;209
501;210
501;187
501;190
501;194
502;203
502;204
502;205
502;206
502;207
502;208
502;209
502;210
502;188
502;190
502;194
503;203
503;204
503;205
503;206
503;207
503;208
503;209
503;210
503;189
503;192
503;194
504;203
504;204
504;205
504;206
504;207
504;208
504;209
504;210
504;188
504;190
504;193
505;203
505;204
505;205
505;206
505;207
505;208
505;209
505;210
505;187
505;192
505;194
506;203
506;204
506;205
506;206
506;207
506;208
506;209
506;210
506;188
506;191
506;194
507;203
507;204
507;205
507;206
507;207
507;208
507;209
507;210
507;187
507;190
507;193
508;203
508;204
508;205
508;206
508;207
508;208
508;209
508;210
508;188
508;192
508;193
509;203
509;204
509;205
509;206
509;207
509;208
509;209
509;210
509;189
509;191
509;194
510;203
510;204
510;205
510;206
510;207
510;208
510;209
510;210
510;188
510;191
510;194
511;203
511;204
511;205
511;206
511;207
511;208
511;209
511;210
511;188
511;191
511;194
512;203
512;204
512;205
512;206
512;207
512;208
512;209
512;210
512;188
512;190
512;193
513;203
513;204
513;205
513;206
513;207
513;208
513;209
513;210
513;188
513;191
513;193
514;203
514;204
514;205
514;206
514;207
514;208
514;209
514;210
514;189
514;192
514;193
515;203
515;204
515;205
515;206
515;207
515;208
515;209
515;210
515;187
515;192
515;194
516;203
516;204
516;205
516;206
516;207
516;208
516;209
516;210
516;189
516;190
516;193
517;203
517;204
517;205
517;206
517;207
517;208
517;209
517;210
517;188
517;191
517;193
518;203
518;204
518;205
518;206
518;207
518;208
518;209
518;210
518;189
518;192
518;194
519;203
519;204
519;205
519;206
519;207
519;208
519;209
519;210
519;187
519;191
519;193
520;203
520;204
520;205
520;206
520;207
520;208
520;209
520;210
520;188
520;192
520;194
521;203
521;204
521;205
521;206
521;207
521;208
521;209
521;210
521;188
521;192
521;194
522;203
522;204
522;205
522;206
522;207
522;208
522;209
522;210
522;188
522;192
522;193
523;203
523;204
523;205
523;206
523;207
523;208
523;209
523;210
523;189
523;191
523;194
524;203
524;204
524;205
524;206
524;207
524;208
524;209
524;210
524;189
524;190
524;194
525;203
525;204
525;205
525;206
525;207
525;208
525;209
525;210
525;188
525;190
525;193
526;203
526;204
526;205
526;206
526;207
526;208
526;209
526;210
526;187
526;191
526;194
527;203
527;204
527;205
527;206
527;207
527;208
527;209
527;210
527;187
527;192
527;193
528;203
528;204
528;205
528;206
528;207
528;208
528;209
528;210
528;188
528;191
528;193
529;203
529;204
529;205
529;206
529;207
529;208
529;209
529;210
529;187
529;190
529;194
530;211
530;212
530;213
530;214
530;215
530;216
530;217
530;218
530;187
530;190
530;194
531;211
531;212
531;213
531;214
531;215
531;216
531;217
531;218
531;188
531;190
531;194
532;211
532;212
532;213
532;214
532;215
532;216
532;217
532;218
532;187
532;191
532;194
533;211
533;212
533;213
533;214
533;215
533;216
533;217
533;218
533;187
533;190
533;193
534;211
534;212
534;213
534;214
534;215
534;216
534;217
534;218
534;189
534;191
534;194
535;211
535;212
535;213
535;214
535;215
535;216
535;217
535;218
535;187
535;191
535;194
536;211
536;212
536;213
536;214
536;215
536;216
536;217
536;218
536;187
536;192
536;194
537;211
537;212
537;213
537;214
537;215
537;216
537;217
537;218
537;188
537;190
537;194
538;211
538;212
538;213
538;214
538;215
538;216
538;217
538;218
538;189
538;190
538;194
539;211
539;212
539;213
539;214
539;215
539;216
539;217
539;218
539;187
539;192
539;193
540;211
540;212
540;213
540;214
540;215
540;216
540;217
540;218
540;188
540;192
540;194
541;211
541;212
541;213
541;214
541;215
541;216
541;217
541;218
541;187
541;192
541;193
542;211
542;212
542;213
542;214
542;215
542;216
542;217
542;218
542;189
542;192
542;193
543;211
543;212
543;213
543;214
543;215
543;216
543;217
543;218
543;188
543;191
543;194
544;211
544;212
544;213
544;214
544;215
544;216
544;217
544;218
544;187
544;190
544;194
545;211
545;212
545;213
545;214
545;215
545;216
545;217
545;218
545;187
545;191
545;194
546;211
546;212
546;213
546;214
546;215
546;216
546;217
546;218
546;187
546;190
546;194
547;211
547;212
547;213
547;214
547;215
547;216
547;217
547;218
547;188
547;191
547;193
548;211
548;212
548;213
548;214
548;215
548;216
548;217
548;218
548;189
548;191
548;194
549;211
549;212
549;213
549;214
549;215
549;216
549;217
549;218
549;189
549;190
549;193
550;211
550;212
550;213
550;214
550;215
550;216
550;217
550;218
550;188
550;192
550;193
551;211
551;212
551;213
551;214
551;215
551;216
551;217
551;218
551;189
551;192
551;194
552;211
552;212
552;213
552;214
552;215
552;216
552;217
552;218
552;187
552;190
552;193
553;211
553;212
553;213
553;214
553;215
553;216
553;217
553;218
553;189
553;192
553;194
554;211
554;212
554;213
554;214
554;215
554;216
554;217
554;218
554;188
554;190
554;194
555;211
555;212
555;213
555;214
555;215
555;216
555;217
555;218
555;188
555;192
555;193
556;211
556;212
556;213
556;214
556;215
556;216
556;217
556;218
556;188
556;191
556;194
557;211
557;212
557;213
557;214
557;215
557;216
557;217
557;218
557;189
557;190
557;193
558;211
558;212
558;213
558;214
558;215
558;216
558;217
558;218
558;188
558;190
558;194
559;219
559;220
559;221
559;222
559;223
559;224
559;225
559;226
559;188
559;190
559;194
560;219
560;220
560;221
560;222
560;223
560;224
560;225
560;226
560;188
560;191
560;194
561;219
561;220
561;221
561;222
561;223
561;224
561;225
561;226
561;187
561;190
561;194
562;219
562;220
562;221
562;222
562;223
562;224
562;225
562;226
562;188
562;191
562;193
563;219
563;220
563;221
563;222
563;223
563;224
563;225
563;226
563;187
563;190
563;194
564;219
564;220
564;221
564;222
564;223
564;224
564;225
564;226
564;187
564;191
564;193
565;219
565;220
565;221
565;222
565;223
565;224
565;225
565;226
565;187
565;190
565;194
566;219
566;220
566;221
566;222
566;223
566;224
566;225
566;226
566;189
566;192
566;193
567;219
567;220
567;221
567;222
567;223
567;224
567;225
567;226
567;189
567;191
567;193
568;219
568;220
568;221
568;222
568;223
568;224
568;225
568;226
568;187
568;191
568;194
569;219
569;220
569;221
569;222
569;223
569;224
569;225
569;226
569;187
569;190
569;194
570;219
570;220
570;221
570;222
570;223
570;224
570;225
570;226
570;189
570;191
570;194
571;219
571;220
571;221
571;222
571;223
571;224
571;225
571;226
571;187
571;190
571;194
572;219
572;220
572;221
572;222
572;223
572;224
572;225
572;226
572;189
572;191
572;193
573;219
573;220
573;221
573;222
573;223
573;224
573;225
573;226
573;188
573;190
573;194
574;219
574;220
574;221
574;222
574;223
574;224
574;225
574;226
574;189
574;191
574;194
575;219
575;220
575;221
575;222
575;223
575;224
575;225
575;226
575;187
575;190
575;193
576;219
576;220
576;221
576;222
576;223
576;224
576;225
576;226
576;187
576;191
576;193
577;219
577;220
577;221
577;222
577;223
577;224
577;225
577;226
577;189
577;191
577;194
578;219
578;220
578;221
578;222
578;223
578;224
578;225
578;226
578;188
578;191
578;193
579;219
579;220
579;221
579;222
579;223
579;224
579;225
579;226
579;188
579;190
579;193
580;219
580;220
580;221
580;222
580;223
580;224
580;225
580;226
580;187
580;191
580;193
581;219
581;220
581;221
581;222
581;223
581;224
581;225
581;226
581;188
581;192
581;193
582;219
582;220
582;221
582;222
582;223
582;224
582;225
582;226
582;188
582;192
582;193
583;219
583;220
583;221
583;222
583;223
583;224
583;225
583;226
583;189
583;190
583;193
584;219
584;220
584;221
584;222
584;223
584;224
584;225
584;226
584;189
584;190
584;193
585;219
585;220
585;221
585;222
585;223
585;224
585;225
585;226
585;189
585;190
585;194
586;219
586;220
586;221
586;222
586;223
586;224
586;225
586;226
586;189
586;190
586;194
587;235
587;236
587;237
587;238
587;239
587;240
587;241
587;242
587;229
587;231
587;234
588;235
588;236
588;237
588;238
588;239
588;240
588;241
588;242
588;228
588;232
588;233
589;235
589;236
589;237
589;238
589;239
589;240
589;241
589;242
589;228
589;232
589;234
590;235
590;236
590;237
590;238
590;239
590;240
590;241
590;242
590;229
590;231
590;233
591;235
591;236
591;237
591;238
591;239
591;240
591;241
591;242
591;228
591;231
591;233
592;235
592;236
592;237
592;238
592;239
592;240
592;241
592;242
592;229
592;230
592;234
593;235
593;236
593;237
593;238
593;239
593;240
593;241
593;242
593;229
593;231
593;234
594;235
594;236
594;237
594;238
594;239
594;240
594;241
594;242
594;227
594;230
594;234
595;235
595;236
595;237
595;238
595;239
595;240
595;241
595;242
595;227
595;232
595;234
596;235
596;236
596;237
596;238
596;239
596;240
596;241
596;242
596;228
596;231
596;234
597;235
597;236
597;237
597;238
597;239
597;240
597;241
597;242
597;229
597;231
597;234
598;235
598;236
598;237
598;238
598;239
598;240
598;241
598;242
598;227
598;230
598;233
599;235
599;236
599;237
599;238
599;239
599;240
599;241
599;242
599;229
599;230
599;234
600;235
600;236
600;237
600;238
600;239
600;240
600;241
600;242
600;228
600;232
600;234
601;235
601;236
601;237
601;238
601;239
601;240
601;241
601;242
601;227
601;231
601;233
602;235
602;236
602;237
602;238
602;239
602;240
602;241
602;242
602;227
602;231
602;233
603;235
603;236
603;237
603;238
603;239
603;240
603;241
603;242
603;229
603;230
603;233
604;235
604;236
604;237
604;238
604;239
604;240
604;241
604;242
604;227
604;232
604;233
605;235
605;236
605;237
605;238
605;239
605;240
605;241
605;242
605;227
605;231
605;234
606;235
606;236
606;237
606;238
606;239
606;240
606;241
606;242
606;229
606;230
606;234
607;235
607;236
607;237
607;238
607;239
607;240
607;241
607;242
607;227
607;231
607;233
608;235
608;236
608;237
608;238
608;239
608;240
608;241
608;242
608;229
608;230
608;233
609;235
609;236
609;237
609;238
609;239
609;240
609;241
609;242
609;227
609;232
609;234
610;235
610;236
610;237
610;238
610;239
610;240
610;241
610;242
610;227
610;231
610;234
611;235
611;236
611;237
611;238
611;239
611;240
611;241
611;242
611;228
611;231
611;234
612;235
612;236
612;237
612;238
612;239
612;240
612;241
612;242
612;227
612;232
612;234
613;235
613;236
613;237
613;238
613;239
613;240
613;241
613;242
613;228
613;231
613;234
614;235
614;236
614;237
614;238
614;239
614;240
614;241
614;242
614;228
614;230
614;233
615;235
615;236
615;237
615;238
615;239
615;240
615;241
615;242
615;228
615;232
615;233
616;243
616;244
616;245
616;246
616;247
616;248
616;249
616;250
616;228
616;232
616;234
617;243
617;244
617;245
617;246
617;247
617;248
617;249
617;250
617;228
617;230
617;234
618;243
618;244
618;245
618;246
618;247
618;248
618;249
618;250
618;228
618;230
618;234
619;243
619;244
619;245
619;246
619;247
619;248
619;249
619;250
619;229
619;231
619;233
620;243
620;244
620;245
620;246
620;247
620;248
620;249
620;250
620;229
620;231
620;234
621;243
621;244
621;245
621;246
621;247
621;248
621;249
621;250
621;228
621;230
621;233
622;243
622;244
622;245
622;246
622;247
622;248
622;249
622;250
622;228
622;232
622;233
623;243
623;244
623;245
623;246
623;247
623;248
623;249
623;250
623;228
623;231
623;234
624;243
624;244
624;245
624;246
624;247
624;248
624;249
624;250
624;229
624;232
624;233
625;243
625;244
625;245
625;246
625;247
625;248
625;249
625;250
625;229
625;232
625;233
626;243
626;244
626;245
626;246
626;247
626;248
626;249
626;250
626;228
626;230
626;234
627;243
627;244
627;245
627;246
627;247
627;248
627;249
627;250
627;229
627;232
627;233
628;243
628;244
628;245
628;246
628;247
628;248
628;249
628;250
628;228
628;231
628;233
629;243
629;244
629;245
629;246
629;247
629;248
629;249
629;250
629;228
629;232
629;233
630;243
630;244
630;245
630;246
630;247
630;248
630;249
630;250
630;228
630;232
630;233
631;243
631;244
631;245
631;246
631;247
631;248
631;249
631;250
631;228
631;230
631;234
632;243
632;244
632;245
632;246
632;247
632;248
632;249
632;250
632;228
632;232
632;233
633;243
633;244
633;245
633;246
633;247
633;248
633;249
633;250
633;229
633;230
633;233
634;243
634;244
634;245
634;246
634;247
634;248
634;249
634;250
634;227
634;231
634;234
635;243
635;244
635;245
635;246
635;247
635;248
635;249
635;250
635;228
635;232
635;234
636;243
636;244
636;245
636;246
636;247
636;248
636;249
636;250
636;227
636;230
636;234
637;243
637;244
637;245
637;246
637;247
637;248
637;249
637;250
637;227
637;230
637;234
638;243
638;244
638;245
638;246
638;247
638;248
638;249
638;250
638;228
638;231
638;233
639;243
639;244
639;245
639;246
639;247
639;248
639;249
639;250
639;229
639;230
639;234
640;243
640;244
640;245
640;246
640;247
640;248
640;249
640;250
640;229
640;231
640;234
641;243
641;244
641;245
641;246
641;247
641;248
641;249
641;250
641;228
641;232
641;234
642;243
642;244
642;245
642;246
642;247
642;248
642;249
642;250
642;227
642;232
642;233
643;243
643;244
643;245
643;246
643;247
643;248
643;249
643;250
643;228
643;230
643;234
644;243
644;244
644;245
644;246
644;247
644;248
644;249
644;250
644;228
644;231
644;233
645;251
645;252
645;253
645;254
645;255
645;256
645;257
645;258
645;227
645;232
645;234
646;251
646;252
646;253
646;254
646;255
646;256
646;257
646;258
646;229
646;231
646;233
647;251
647;252
647;253
647;254
647;255
647;256
647;257
647;258
647;229
647;232
647;234
648;251
648;252
648;253
648;254
648;255
648;256
648;257
648;258
648;228
648;232
648;234
649;251
649;252
649;253
649;254
649;255
649;256
649;257
649;258
649;227
649;230
649;234
650;251
650;252
650;253
650;254
650;255
650;256
650;257
650;258
650;227
650;232
650;234
651;251
651;252
651;253
651;254
651;255
651;256
651;257
651;258
651;228
651;232
651;233
652;251
652;252
652;253
652;254
652;255
652;256
652;257
652;258
652;228
652;232
652;234
653;251
653;252
653;253
653;254
653;255
653;256
653;257
653;258
653;228
653;232
653;233
654;251
654;252
654;253
654;254
654;255
654;256
654;257
654;258
654;228
654;232
654;233
655;251
655;252
655;253
655;254
655;255
655;256
655;257
655;258
655;229
655;231
655;233
656;251
656;252
656;253
656;254
656;255
656;256
656;257
656;258
656;229
656;232
656;234
657;251
657;252
657;253
657;254
657;255
657;256
657;257
657;258
657;227
657;231
657;233
658;251
658;252
658;253
658;254
658;255
658;256
658;257
658;258
658;228
658;230
658;233
659;251
659;252
659;253
659;254
659;255
659;256
659;257
659;258
659;228
659;230
659;234
660;251
660;252
660;253
660;254
660;255
660;256
660;257
660;258
660;229
660;232
660;233
661;251
661;252
661;253
661;254
661;255
661;256
661;257
661;258
661;229
661;231
661;233
662;251
662;252
662;253
662;254
662;255
662;256
662;257
662;258
662;229
662;230
662;233
663;251
663;252
663;253
663;254
663;255
663;256
663;257
663;258
663;227
663;231
663;233
664;251
664;252
664;253
664;254
664;255
664;256
664;257
664;258
664;229
664;230
664;234
665;251
665;252
665;253
665;254
665;255
665;256
665;257
665;258
665;228
665;232
665;233
666;251
666;252
666;253
666;254
666;255
666;256
666;257
666;258
666;228
666;232
666;233
667;251
667;252
667;253
667;254
667;255
667;256
667;257
667;258
667;227
667;232
667;233
668;251
668;252
668;253
668;254
668;255
668;256
668;257
668;258
668;229
668;231
668;234
669;251
669;252
669;253
669;254
669;255
669;256
669;257
669;258
669;229
669;231
669;233
670;251
670;252
670;253
670;254
670;255
670;256
670;257
670;258
670;227
670;231
670;233
671;251
671;252
671;253
671;254
671;255
671;256
671;257
671;258
671;229
671;230
671;234
672;251
672;252
672;253
672;254
672;255
672;256
672;257
672;258
672;227
672;230
672;233
673;251
673;252
673;253
673;254
673;255
673;256
673;257
673;258
673;228
673;230
673;233
674;251
674;252
674;253
674;254
674;255
674;256
674;257
674;258
674;229
674;230
674;233
675;285
675;271
675;263
675;296
675;275
675;286
675;276
675;304
676;271
676;268
676;265
676;269
676;297
676;264
676;290
676;289
677;292
677;283
677;280
677;286
677;291
677;304
677;295
677;269
678;264
678;306
678;287
678;275
678;292
678;302
678;277
678;295
679;267
679;282
679;304
679;280
679;303
679;272
679;286
679;277
680;291
680;259
680;274
680;285
680;294
680;300
680;293
680;276
681;265
681;270
681;297
681;306
681;291
681;301
681;286
681;279
682;259
682;276
682;305
682;260
682;284
682;264
682;273
682;261
683;290
683;287
683;296
683;261
683;305
683;284
683;280
683;303
684;259
684;281
684;279
684;280
684;274
684;266
684;282
684;300
685;278
685;281
685;266
685;271
685;295
685;273
685;272
685;276
686;276
686;263
686;289
686;295
686;266
686;279
686;288
686;305
687;292
687;272
687;296
687;283
687;298
687;286
687;281
687;293
688;267
688;269
688;281
688;283
688;287
688;301
688;294
688;279
689;267
689;277
689;280
689;293
689;270
689;262
689;275
689;279
690;267
690;259
690;260
690;294
690;282
690;298
690;275
690;304
691;271
691;275
691;302
691;299
691;260
691;273
691;288
691;292
692;288
692;285
692;261
692;271
692;303
692;274
692;272
692;289
693;289
693;288
693;272
693;281
693;286
693;301
693;259
693;262
694;274
694;305
694;273
694;298
694;277
694;304
694;281
694;275
695;268
695;281
695;262
695;293
695;270
695;292
695;302
695;259
696;269
696;282
696;283
696;272
696;266
696;297
696;265
696;288
697;280
697;271
697;293
697;298
697;261
697;264
697;299
697;263
698;261
698;300
698;268
698;303
698;305
698;287
698;286
698;264
699;306
699;293
699;298
699;305
699;285
699;301
699;264
699;271
700;300
700;298
700;275
700;274
700;267
700;281
700;283
700;296
701;272
701;276
701;274
701;269
701;297
701;271
701;284
701;304
702;266
702;259
702;283
702;300
702;286
702;270
702;272
702;290
703;285
703;286
703;289
703;291
703;288
703;273
703;267
703;305
704;305
704;306
704;276
704;265
704;279
704;264
704;271
704;282
705;277
705;303
705;279
705;298
705;274
705;306
705;280
705;301
706;265
706;292
706;266
706;298
706;276
706;269
706;285
706;271
707;282
707;272
707;286
707;265
707;302
707;269
707;295
707;299
708;301
708;289
708;267
708;265
708;270
708;297
708;274
708;291
709;260
709;296
709;302
709;299
709;282
709;290
709;271
709;284
710;300
710;285
710;290
710;264
710;288
710;305
710;263
710;299
711;293
711;285
711;295
711;305
711;299
711;304
711;259
711;269
712;265
712;276
712;304
712;277
712;282
712;292
712;279
712;268
713;268
713;291
713;259
713;270
713;286
713;293
713;269
713;300
714;277
714;301
714;287
714;269
714;300
714;282
714;281
714;289
715;294
715;280
715;283
715;299
715;272
715;295
715;275
715;289
716;264
716;272
716;263
716;265
716;280
716;261
716;303
716;286
717;298
717;266
717;268
717;295
717;263
717;294
717;287
717;286
718;300
718;268
718;306
718;295
718;266
718;303
718;259
718;286
719;263
719;293
719;281
719;295
719;269
719;294
719;283
719;305
720;265
720;274
720;300
720;270
720;273
720;291
720;275
720;306
721;288
721;268
721;264
721;272
721;282
721;290
721;280
721;269
722;278
722;270
722;289
722;287
722;263
722;260
722;274
722;303
723;260
723;294
723;299
723;303
723;277
723;280
723;263
723;306
724;266
724;282
724;262
724;303
724;261
724;305
724;289
724;264
725;259
725;302
725;273
725;296
725;306
725;278
725;298
725;272
726;263
726;276
726;288
726;282
726;270
726;277
726;286
726;279
727;263
727;299
727;259
727;306
727;273
727;269
727;292
727;302
728;263
728;303
728;276
728;267
728;299
728;288
728;259
728;287
729;278
729;266
729;289
729;288
729;271
729;297
729;299
729;263
730;293
730;295
730;289
730;278
730;300
730;304
730;265
730;273
731;294
731;261
731;259
731;297
731;303
731;267
731;299
731;280
732;291
732;260
732;306
732;302
732;283
732;264
732;301
732;292
733;289
733;275
733;268
733;291
733;264
733;266
733;294
733;290
734;295
734;272
734;305
734;304
734;281
734;264
734;290
734;265
735;267
735;299
735;259
735;302
735;306
735;272
735;285
735;288
736;280
736;263
736;262
736;268
736;283
736;277
736;290
736;279
737;272
737;275
737;281
737;280
737;267
737;306
737;304
737;268
738;274
738;273
738;278
738;305
738;294
738;285
738;295
738;282
739;299
739;280
739;262
739;297
739;272
739;283
739;286
739;303
740;284
740;286
740;282
740;289
740;267
740;283
740;281
740;272
741;285
741;302
741;291
741;259
741;300
741;299
741;273
741;280
742;304
742;305
742;280
742;287
742;260
742;297
742;274
742;270
743;296
743;283
743;281
743;292
743;285
743;287
743;303
743;282
744;297
744;274
744;295
744;272
744;290
744;263
744;286
744;278
745;301
745;300
745;296
745;275
745;299
745;265
745;304
745;285
746;304
746;283
746;260
746;269
746;291
746;267
746;287
746;259
747;261
747;265
747;282
747;259
747;289
747;263
747;275
747;297
748;267
748;289
748;305
748;295
748;301
748;265
748;290
748;291
749;294
749;296
749;292
749;278
749;287
749;260
749;259
749;289
750;290
750;259
750;295
750;291
750;289
750;266
750;306
750;300
751;301
751;304
751;272
751;285
751;291
751;269
751;290
751;274
752;261
752;275
752;271
752;278
752;302
752;297
752;300
752;296
753;293
753;295
753;259
753;299
753;294
753;285
753;301
753;296
754;288
754;261
754;275
754;267
754;278
754;302
754;262
754;296
755;291
755;264
755;260
755;295
755;268
755;297
755;302
755;282
756;278
756;293
756;267
756;297
756;281
756;264
756;291
756;260
757;293
757;267
757;277
757;301
757;288
757;299
757;270
757;281
758;269
758;274
758;267
758;263
758;284
758;291
758;279
758;290
759;295
759;296
759;263
759;306
759;298
759;294
759;262
759;303
760;285
760;279
760;298
760;281
760;295
760;305
760;259
760;277
761;273
761;276
761;305
761;300
761;290
761;283
761;275
761;284
762;272
762;302
762;283
762;267
762;265
762;303
762;290
762;281
763;274
763;288
763;301
763;295
763;297
763;284
763;277
763;300
764;260
764;300
764;264
764;274
764;280
764;297
764;294
764;306
765;279
765;260
765;293
765;269
765;276
765;277
765;270
765;280
766;274
766;291
766;269
766;284
766;277
766;272
766;293
766;299
767;304
767;297
767;280
767;272
767;262
767;299
767;292
767;296
768;301
768;300
768;267
768;304
768;275
768;284
768;296
768;270
769;284
769;300
769;303
769;299
769;304
769;297
769;274
769;292
770;282
770;269
770;295
770;281
770;280
770;300
770;293
770;297
771;287
771;278
771;299
771;288
771;280
771;304
771;271
771;286
772;275
772;272
772;304
772;269
772;303
772;262
772;282
772;270
773;279
773;267
773;271
773;260
773;264
773;265
773;287
773;269
774;300
774;305
774;262
774;301
774;286
774;263
774;283
774;264
775;281
775;297
775;301
775;305
775;294
775;289
775;273
775;261
776;286
776;268
776;288
776;272
776;276
776;275
776;289
776;269
777;291
777;290
777;289
777;299
777;268
777;281
777;294
777;288
778;293
778;285
778;268
778;263
778;300
778;306
778;299
778;262
779;303
779;289
779;285
779;293
779;261
779;304
779;264
779;266
780;296
780;298
780;265
780;301
780;302
780;283
780;299
780;272
781;271
781;275
781;286
781;281
781;306
781;272
781;267
781;303
782;283
782;300
782;301
782;297
782;276
782;294
782;266
782;260
783;280
783;303
783;282
783;295
783;266
783;296
783;259
783;278
784;278
784;283
784;302
784;263
784;262
784;274
784;293
784;303
785;285
785;302
785;287
785;292
785;306
785;260
785;271
785;272
786;283
786;285
786;305
786;300
786;260
786;295
786;279
786;297
787;272
787;291
787;294
787;300
787;299
787;260
787;305
787;281
788;266
788;285
788;282
788;294
788;300
788;278
788;289
788;292
789;292
789;269
789;270
789;273
789;303
789;306
789;274
789;298
790;288
790;296
790;276
790;295
790;290
790;271
790;265
790;302
791;271
791;261
791;286
791;301
791;262
791;267
791;290
791;298
792;344
792;369
792;372
792;352
792;308
792;375
792;362
792;322
792;380
792;361
793;341
793;339
793;379
793;348
793;375
793;322
793;346
793;324
793;371
793;310
794;364
794;313
794;374
794;361
794;362
794;320
794;382
794;376
794;378
794;381
795;368
795;370
795;336
795;376
795;335
795;378
795;308
795;351
795;320
795;350
796;341
796;366
796;335
796;350
796;308
796;381
796;333
796;324
796;379
796;346
797;314
797;319
797;373
797;324
797;350
797;375
797;309
797;310
797;320
797;323
798;319
798;369
798;373
798;352
798;335
798;382
798;336
798;375
798;379
798;309
799;367
799;338
799;335
799;348
799;322
799;378
799;320
799;351
799;374
799;371
800;312
800;313
800;361
800;322
800;348
800;376
800;336
800;308
800;375
800;335
801;331
801;356
801;311
801;324
801;362
801;382
801;310
801;309
801;334
801;376
802;313
802;364
802;382
802;310
802;348
802;334
802;352
802;333
802;376
802;346
803;366
803;355
803;333
803;376
803;380
803;352
803;379
803;320
803;334
803;377
804;314
804;343
804;347
804;373
804;322
804;351
804;334
804;311
804;324
804;361
805;360
805;325
805;351
805;320
805;308
805;347
805;336
805;321
805;349
805;324
806;319
806;313
806;333
806;349
806;321
806;323
806;351
806;377
806;361
806;322
807;313
807;327
807;361
807;310
807;351
807;336
807;321
807;374
807;348
807;378
808;325
808;317
808;373
808;335
808;375
808;346
808;382
808;309
808;380
808;376
809;342
809;357
809;348
809;382
809;350
809;310
809;380
809;372
809;337
809;373
810;357
810;315
810;352
810;376
810;373
810;336
810;334
810;361
810;382
810;378
811;313
811;327
811;374
811;323
811;378
811;346
811;336
811;380
811;371
811;348
812;366
812;365
812;335
812;372
812;323
812;373
812;309
812;324
812;311
812;381
813;314
813;370
813;333
813;348
813;311
813;378
813;309
813;334
813;310
813;373
814;370
814;345
814;375
814;374
814;321
814;348
814;335
814;336
814;373
814;333
815;332
815;356
815;350
815;362
815;335
815;309
815;323
815;381
815;373
815;320
816;332
816;365
816;335
816;378
816;351
816;373
816;311
816;347
816;336
816;374
817;338
817;328
817;378
817;347
817;336
817;310
817;376
817;349
817;379
817;351
818;360
818;329
818;376
818;320
818;382
818;350
818;335
818;371
818;378
818;309
819;317
819;330
819;323
819;335
819;382
819;320
819;376
819;308
819;310
819;333
820;313
820;319
820;374
820;321
820;375
820;382
820;310
820;347
820;335
820;324
821;316
821;366
821;337
821;373
821;349
821;380
821;381
821;376
821;372
821;320
822;341
822;364
822;320
822;324
822;380
822;322
822;377
822;311
822;308
822;375
823;365
823;315
823;336
823;308
823;349
823;323
823;322
823;346
823;307
823;374
824;363
824;360
824;372
824;337
824;334
824;323
824;376
824;351
824;373
824;375
825;354
825;369
825;373
825;380
825;307
825;378
825;351
825;377
825;348
825;375
826;356
826;316
826;361
826;375
826;380
826;348
826;376
826;309
826;379
826;382
827;326
827;363
827;322
827;381
827;371
827;378
827;335
827;349
827;337
827;309
828;319
828;368
828;346
828;362
828;310
828;382
828;373
828;374
828;322
828;371
829;315
829;319
829;335
829;334
829;320
829;352
829;373
829;372
829;371
829;379
830;326
830;340
830;350
830;321
830;361
830;348
830;372
830;374
830;333
830;379
831;330
831;318
831;379
831;307
831;372
831;350
831;324
831;335
831;376
831;322
832;369
832;339
832;308
832;352
832;337
832;334
832;349
832;335
832;376
832;379
833;354
833;314
833;371
833;348
833;374
833;310
833;373
833;362
833;349
833;307
834;342
834;327
834;320
834;375
834;347
834;349
834;324
834;307
834;372
834;376
835;368
835;312
835;321
835;372
835;347
835;309
835;322
835;378
835;350
835;333
836;329
836;326
836;323
836;311
836;380
836;309
836;321
836;362
836;307
836;372
837;344
837;345
837;310
837;336
837;348
837;335
837;309
837;350
837;361
837;307
838;312
838;316
838;335
838;349
838;322
838;371
838;350
838;378
838;337
838;382
839;355
839;339
839;347
839;374
839;362
839;322
839;375
839;378
839;333
839;373
840;318
840;359
840;380
840;323
840;333
840;309
840;307
840;374
840;320
840;350
841;329
841;331
841;324
841;310
841;321
841;372
841;352
841;378
841;374
841;323
842;340
842;358
842;323
842;322
842;378
842;350
842;347
842;381
842;335
842;382
843;365
843;345
843;347
843;348
843;320
843;336
843;324
843;382
843;346
843;307
844;366
844;340
844;350
844;382
844;349
844;321
844;351
844;336
844;320
844;347
845;315
845;316
845;379
845;378
845;362
845;376
845;333
845;335
845;309
845;336
846;331
846;354
846;380
846;379
846;375
846;381
846;335
846;352
846;382
846;348
847;325
847;317
847;347
847;322
847;350
847;346
847;323
847;351
847;377
847;371
848;353
848;366
848;373
848;351
848;372
848;310
848;350
848;381
848;348
848;337
849;359
849;342
849;336
849;324
849;377
849;349
849;361
849;374
849;381
849;309
850;326
850;339
850;362
850;382
850;352
850;346
850;321
850;351
850;348
850;361
851;319
851;312
851;375
851;381
851;379
851;347
851;323
851;311
851;324
851;361
852;318
852;357
852;346
852;351
852;347
852;374
852;376
852;362
852;377
852;335
853;340
853;329
853;324
853;309
853;377
853;373
853;381
853;348
853;361
853;362
854;363
854;340
854;377
854;335
854;351
854;308
854;375
854;321
854;371
854;381
855;357
855;364
855;323
855;321
855;347
855;352
855;376
855;378
855;337
855;349
856;357
856;316
856;309
856;348
856;381
856;321
856;320
856;350
856;362
856;376
857;329
857;338
857;361
857;379
857;373
857;309
857;381
857;337
857;375
857;310
858;313
858;315
858;308
858;351
858;335
858;379
858;375
858;320
858;362
858;309
859;353
859;340
859;346
859;375
859;376
859;323
859;337
859;309
859;347
859;324
860;365
860;353
860;324
860;347
860;382
860;373
860;323
860;346
860;371
860;349
861;357
861;355
861;323
861;372
861;334
861;380
861;337
861;377
861;361
861;335
862;358
862;315
862;382
862;333
862;376
862;381
862;322
862;371
862;362
862;377
863;325
863;344
863;371
863;350
863;352
863;333
863;376
863;349
863;348
863;347
864;332
864;327
864;381
864;346
864;351
864;372
864;371
864;361
864;348
864;334
865;365
865;318
865;311
865;323
865;336
865;373
865;324
865;361
865;333
865;352
866;356
866;341
866;382
866;336
866;380
866;348
866;379
866;346
866;333
866;309
867;340
867;364
867;336
867;375
867;346
867;376
867;373
867;349
867;310
867;350
868;365
868;332
868;378
868;379
868;371
868;336
868;352
868;376
868;347
868;346
869;354
869;312
869;352
869;361
869;379
869;350
869;309
869;307
869;336
869;351
870;353
870;339
870;333
870;308
870;376
870;350
870;351
870;382
870;309
870;361
871;318
871;359
871;377
871;375
871;337
871;323
871;322
871;309
871;379
871;324
872;332
872;312
872;349
872;320
872;311
872;322
872;373
872;379
872;376
872;333
873;341
873;345
873;351
873;375
873;333
873;323
873;309
873;324
873;307
873;348
874;343
874;367
874;374
874;352
874;334
874;373
874;311
874;371
874;321
874;350
875;338
875;339
875;333
875;335
875;361
875;311
875;324
875;352
875;310
875;308
876;359
876;314
876;310
876;380
876;362
876;321
876;335
876;311
876;336
876;320
877;317
877;353
877;376
877;362
877;307
877;373
877;310
877;380
877;347
877;378
878;338
878;327
878;349
878;334
878;373
878;335
878;376
878;352
878;333
878;347
879;358
879;338
879;324
879;378
879;321
879;337
879;373
879;382
879;334
879;346
880;332
880;316
880;346
880;352
880;347
880;337
880;361
880;373
880;321
880;351
881;366
881;344
881;377
881;320
881;371
881;362
881;350
881;373
881;322
881;333
882;357
882;345
882;381
882;375
882;321
882;348
882;374
882;333
882;378
882;334
883;316
883;353
883;373
883;348
883;350
883;381
883;379
883;337
883;346
883;309
884;366
884;365
884;324
884;382
884;348
884;321
884;380
884;377
884;375
884;337
885;312
885;315
885;351
885;307
885;322
885;361
885;377
885;374
885;379
885;378
886;314
886;319
886;323
886;349
886;320
886;321
886;352
886;378
886;373
886;347
887;360
887;355
887;333
887;352
887;371
887;324
887;310
887;349
887;373
887;362
888;365
888;370
888;372
888;324
888;309
888;322
888;375
888;323
888;348
888;362
889;313
889;359
889;351
889;371
889;378
889;377
889;309
889;361
889;320
889;322
890;316
890;360
890;334
890;336
890;348
890;362
890;372
890;347
890;382
890;335
891;368
891;315
891;337
891;348
891;349
891;373
891;361
891;381
891;322
891;362
892;363
892;338
892;382
892;352
892;307
892;380
892;361
892;311
892;375
892;310
893;358
893;314
893;337
893;347
893;373
893;321
893;348
893;374
893;371
893;375
894;339
894;343
894;349
894;347
894;346
894;335
894;361
894;379
894;321
894;334
895;327
895;355
895;334
895;311
895;347
895;310
895;320
895;308
895;377
895;349
896;331
896;364
896;372
896;361
896;321
896;374
896;379
896;349
896;307
896;324
897;315
897;368
897;373
897;380
897;351
897;346
897;309
897;378
897;336
897;337
898;343
898;329
898;308
898;377
898;373
898;310
898;361
898;348
898;372
898;350
899;356
899;364
899;380
899;378
899;336
899;307
899;347
899;377
899;375
899;350
900;331
900;341
900;309
900;373
900;351
900;350
900;324
900;374
900;321
900;346
901;354
901;360
901;362
901;337
901;346
901;361
901;352
901;381
901;375
901;347
902;441
902;430
902;422
902;449
902;384
902;434
902;397
902;451
902;411
902;383
903;413
903;436
903;443
903;451
903;442
903;425
903;424
903;398
903;399
903;409
904;417
904;406
904;434
904;385
904;387
904;453
904;451
904;396
904;398
904;386
905;438
905;401
905;447
905;411
905;446
905;452
905;448
905;399
905;410
905;384
906;394
906;391
906;445
906;420
906;443
906;422
906;433
906;453
906;399
906;387
907;401
907;438
907;443
907;424
907;408
907;447
907;446
907;384
907;450
907;396
908;404
908;436
908;442
908;384
908;448
908;407
908;453
908;386
908;452
908;419
909;416
909;415
909;420
909;453
909;452
909;387
909;421
909;423
909;450
909;447
910;412
910;418
910;449
910;425
910;447
910;453
910;433
910;409
910;397
910;387
911;413
911;417
911;409
911;420
911;446
911;398
911;384
911;383
911;386
911;433
912;388
912;418
912;450
912;422
912;433
912;411
912;446
912;424
912;387
912;384
913;437
913;438
913;452
913;453
913;419
913;433
913;442
913;387
913;443
913;421
914;437
914;429
914;395
914;409
914;386
914;445
914;387
914;448
914;443
914;447
915;438
915;435
915;422
915;445
915;397
915;424
915;446
915;385
915;408
915;452
916;430
916;435
916;398
916;448
916;383
916;411
916;384
916;443
916;387
916;419
917;400
917;438
917;387
917;446
917;397
917;423
917;449
917;444
917;408
917;448
918;390
918;439
918;385
918;420
918;419
918;421
918;424
918;443
918;410
918;434
919;388
919;440
919;451
919;450
919;443
919;425
919;420
919;407
919;395
919;434
920;388
920;438
920;448
920;452
920;419
920;445
920;398
920;444
920;383
920;420
921;388
921;389
921;422
921;443
921;445
921;409
921;396
921;383
921;447
921;433
922;404
922;400
922;442
922;422
922;411
922;424
922;409
922;384
922;410
922;383
923;392
923;429
923;424
923;408
923;422
923;442
923;399
923;423
923;396
923;410
924;415
924;417
924;451
924;385
924;419
924;395
924;386
924;450
924;452
924;398
925;435
925;439
925;397
925;395
925;410
925;425
925;407
925;448
925;398
925;442
926;392
926;441
926;409
926;410
926;451
926;419
926;448
926;386
926;396
926;398
927;440
927;432
927;396
927;395
927;387
927;449
927;408
927;445
927;397
927;442
928;432
928;406
928;411
928;451
928;444
928;443
928;424
928;395
928;384
928;450
929;390
929;402
929;448
929;383
929;396
929;399
929;442
929;397
929;384
929;447
930;391
930;438
930;386
930;397
930;447
930;387
930;453
930;448
930;421
930;434
931;431
931;404
931;410
931;446
931;409
931;444
931;408
931;407
931;434
931;424
932;441
932;426
932;453
932;411
932;409
932;451
932;444
932;424
932;399
932;450
933;438
933;416
933;443
933;449
933;444
933;434
933;396
933;397
933;442
933;408
934;417
934;403
934;442
934;422
934;444
934;448
934;410
934;449
934;451
934;446
935;427
935;441
935;442
935;422
935;453
935;424
935;387
935;433
935;384
935;445
936;405
936;391
936;398
936;409
936;387
936;433
936;434
936;422
936;443
936;445
937;392
937;404
937;424
937;449
937;443
937;420
937;444
937;433
937;407
937;446
938;390
938;412
938;396
938;447
938;419
938;433
938;409
938;410
938;421
938;448
939;393
939;426
939;424
939;433
939;449
939;421
939;410
939;409
939;385
939;383
940;437
940;404
940;445
940;387
940;423
940;422
940;386
940;452
940;385
940;425
941;418
941;414
941;444
941;396
941;387
941;452
941;422
941;450
941;421
941;397
942;436
942;390
942;395
942;423
942;383
942;448
942;387
942;408
942;397
942;407
943;412
943;441
943;424
943;385
943;444
943;425
943;423
943;395
943;450
943;398
944;400
944;403
944;448
944;399
944;443
944;420
944;444
944;446
944;395
944;424
945;404
945;414
945;397
945;410
945;398
945;449
945;420
945;422
945;385
945;419
946;401
946;416
946;409
946;396
946;387
946;398
946;399
946;451
946;445
946;395
947;436
947;389
947;445
947;442
947;449
947;447
947;385
947;408
947;387
947;422
948;415
948;388
948;411
948;424
948;407
948;383
948;410
948;444
948;453
948;425
949;435
949;388
949;386
949;448
949;410
949;395
949;419
949;452
949;450
949;422
950;403
950;418
950;425
950;397
950;419
950;385
950;420
950;422
950;409
950;452
951;406
951;432
951;397
951;396
951;449
951;447
951;433
951;443
951;445
951;407
952;438
952;427
952;447
952;422
952;453
952;408
952;383
952;444
952;387
952;384
953;430
953;405
953;423
953;453
953;448
953;451
953;385
953;442
953;449
953;450
954;413
954;391
954;446
954;384
954;420
954;383
954;443
954;421
954;423
954;433
955;403
955;401
955;450
955;443
955;448
955;453
955;399
955;445
955;442
955;397
956;406
956;417
956;433
956;446
956;411
956;408
956;421
956;420
956;384
956;423
957;417
957;392
957;421
957;443
957;453
957;450
957;444
957;452
957;419
957;448
958;415
958;426
958;421
958;447
958;383
958;446
958;386
958;453
958;387
958;397
959;414
959;413
959;399
959;451
959;419
959;446
959;423
959;395
959;442
959;407
960;417
960;437
960;451
960;395
960;396
960;444
960;446
960;434
960;397
960;433
961;393
961;432
961;451
961;447
961;423
961;433
961;411
961;386
961;422
961;409
962;415
962;441
962;384
962;396
962;434
962;442
962;423
962;419
962;449
962;410
963;390
963;413
963;423
963;452
963;410
963;421
963;411
963;409
963;384
963;447
964;431
964;429
964;433
964;383
964;408
964;450
964;420
964;434
964;447
964;422
965;418
965;416
965;421
965;385
965;446
965;407
965;397
965;434
965;383
965;395
966;417
966;401
966;383
966;411
966;449
966;423
966;386
966;434
966;409
966;397
967;402
967;426
967;445
967;442
967;449
967;421
967;422
967;408
967;448
967;443
968;388
968;402
968;423
968;420
968;421
968;385
968;384
968;442
968;434
968;398
969;392
969;428
969;420
969;423
969;424
969;425
969;434
969;383
969;419
969;445
970;414
970;406
970;410
970;396
970;447
970;411
970;442
970;384
970;451
970;453
971;439
971;432
971;422
971;424
971;446
971;425
971;399
971;450
971;395
971;387
972;431
972;400
972;398
972;410
972;442
972;425
972;422
972;423
972;453
972;384
973;435
973;394
973;449
973;397
973;395
973;425
973;387
973;383
973;446
973;386
974;405
974;402
974;434
974;448
974;442
974;397
974;395
974;410
974;398
974;425
975;402
975;437
975;449
975;446
975;395
975;387
975;434
975;398
975;451
975;385
976;414
976;389
976;420
976;422
976;387
976;385
976;399
976;423
976;434
976;386
977;390
977;441
977;422
977;442
977;446
977;452
977;434
977;424
977;397
977;383
978;432
978;414
978;422
978;425
978;433
978;399
978;447
978;449
978;386
978;387
979;402
979;390
979;425
979;444
979;408
979;411
979;395
979;397
979;385
979;398
980;437
980;406
980;419
980;410
980;424
980;409
980;452
980;396
980;448
980;408
981;429
981;413
981;397
981;386
981;451
981;420
981;453
981;449
981;384
981;442
982;402
982;403
982;453
982;395
982;408
982;452
982;445
982;386
982;433
982;421
983;416
983;426
983;450
983;399
983;448
983;447
983;434
983;422
983;446
983;408
984;431
984;440
984;445
984;411
984;385
984;443
984;452
984;419
984;397
984;444
985;436
985;413
985;395
985;453
985;450
985;448
985;446
985;451
985;425
985;452
986;415
986;428
986;446
986;452
986;442
986;409
986;387
986;397
986;384
986;449
987;417
987;435
987;449
987;443
987;424
987;396
987;425
987;421
987;395
987;411
988;439
988;392
988;399
988;397
988;452
988;409
988;446
988;385
988;433
988;386
989;415
989;414
989;395
989;396
989;453
989;387
989;419
989;420
989;397
989;449
990;400
990;393
990;421
990;444
990;448
990;424
990;451
990;447
990;399
990;383
991;441
991;436
991;386
991;447
991;407
991;449
991;446
991;385
991;419
991;423
992;413
992;432
992;442
992;385
992;407
992;397
992;445
992;424
992;433
992;420
993;432
993;390
993;408
993;448
993;453
993;451
993;419
993;434
993;420
993;449
994;440
994;415
994;443
994;395
994;451
994;387
994;399
994;425
994;442
994;449
995;440
995;439
995;446
995;453
995;398
995;397
995;423
995;399
995;387
995;410
996;431
996;391
996;433
996;386
996;398
996;408
996;421
996;383
996;387
996;423
997;427
997;390
997;411
997;419
997;443
997;385
997;398
997;448
997;397
997;450
998;391
998;418
998;423
998;421
998;411
998;442
998;422
998;384
998;386
998;409
999;429
999;402
999;422
999;451
999;385
999;433
999;386
999;384
999;443
999;419
1000;416
1000;415
1000;387
1000;449
1000;446
1000;386
1000;434
1000;433
1000;445
1000;384
1001;394
1001;440
1001;445
1001;410
1001;397
1001;444
1001;424
1001;398
1001;452
1001;422
1002;440
1002;426
1002;384
1002;449
1002;411
1002;425
1002;452
1002;399
1002;397
1002;447
1003;388
1003;413
1003;407
1003;434
1003;384
1003;443
1003;408
1003;410
1003;448
1003;452
1004;417
1004;416
1004;448
1004;424
1004;451
1004;425
1004;447
1004;408
1004;387
1004;449
