id;kurs_id;schuljahr_id;raum_id;wochentag_id;stunde;gueltig_ab;gueltig_bis
1;1;1;42;3;3;2026-08-01;
2;1;1;42;3;4;2026-08-01;
3;2;1;43;3;3;2026-08-01;
4;2;1;43;3;4;2026-08-01;
5;3;1;44;3;3;2026-08-01;
6;3;1;44;3;4;2026-08-01;
7;4;1;1;3;5;2026-08-01;
8;4;1;1;3;6;2026-08-01;
9;4;1;1;4;5;2026-08-01;
10;4;1;1;4;6;2026-08-01;
11;5;1;1;1;1;2026-08-01;
12;5;1;1;1;2;2026-08-01;
13;5;1;1;5;1;2026-08-01;
14;5;1;1;5;2;2026-08-01;
15;6;1;1;2;3;2026-08-01;
16;6;1;1;2;4;2026-08-01;
17;6;1;1;4;1;2026-08-01;
18;6;1;1;4;2;2026-08-01;
19;7;1;36;5;3;2026-08-01;
20;7;1;36;5;4;2026-08-01;
21;7;1;36;3;1;2026-08-01;
22;8;1;30;4;3;2026-08-01;
23;8;1;30;4;4;2026-08-01;
24;9;1;24;1;3;2026-08-01;
25;9;1;24;1;4;2026-08-01;
26;10;1;1;1;5;2026-08-01;
27;10;1;1;1;6;2026-08-01;
28;11;1;1;5;5;2026-08-01;
29;11;1;1;5;6;2026-08-01;
30;12;1;1;2;1;2026-08-01;
31;12;1;1;2;2;2026-08-01;
32;13;1;1;2;5;2026-08-01;
33;13;1;1;2;6;2026-08-01;
34;14;1;33;3;2;2026-08-01;
35;15;1;2;2;5;2026-08-01;
36;15;1;2;2;6;2026-08-01;
37;15;1;2;1;5;2026-08-01;
38;15;1;2;1;6;2026-08-01;
39;16;1;2;5;3;2026-08-01;
40;16;1;2;5;4;2026-08-01;
41;16;1;2;3;1;2026-08-01;
42;16;1;2;3;2;2026-08-01;
43;17;1;2;1;1;2026-08-01;
44;17;1;2;1;2;2026-08-01;
45;17;1;2;5;5;2026-08-01;
46;17;1;2;5;6;2026-08-01;
47;18;1;36;4;1;2026-08-01;
48;18;1;36;4;2;2026-08-01;
49;18;1;36;1;3;2026-08-01;
50;19;1;30;4;5;2026-08-01;
51;19;1;30;4;6;2026-08-01;
52;20;1;24;2;1;2026-08-01;
53;20;1;24;2;2;2026-08-01;
54;21;1;2;5;1;2026-08-01;
55;21;1;2;5;2;2026-08-01;
56;22;1;2;2;3;2026-08-01;
57;22;1;2;2;4;2026-08-01;
58;23;1;2;4;3;2026-08-01;
59;23;1;2;4;4;2026-08-01;
60;24;1;2;3;5;2026-08-01;
61;24;1;2;3;6;2026-08-01;
62;25;1;33;1;4;2026-08-01;
63;26;1;3;4;3;2026-08-01;
64;26;1;3;4;4;2026-08-01;
65;26;1;3;3;5;2026-08-01;
66;26;1;3;3;6;2026-08-01;
67;27;1;3;1;1;2026-08-01;
68;27;1;3;1;2;2026-08-01;
69;27;1;3;5;1;2026-08-01;
70;27;1;3;5;2;2026-08-01;
71;28;1;3;2;5;2026-08-01;
72;28;1;3;2;6;2026-08-01;
73;28;1;3;1;5;2026-08-01;
74;28;1;3;1;6;2026-08-01;
75;29;1;36;4;5;2026-08-01;
76;29;1;36;4;6;2026-08-01;
77;29;1;36;5;5;2026-08-01;
78;30;1;30;3;1;2026-08-01;
79;30;1;30;3;2;2026-08-01;
80;31;1;24;5;3;2026-08-01;
81;31;1;24;5;4;2026-08-01;
82;32;1;3;4;1;2026-08-01;
83;32;1;3;4;2;2026-08-01;
84;33;1;3;2;1;2026-08-01;
85;33;1;3;2;2;2026-08-01;
86;34;1;3;2;3;2026-08-01;
87;34;1;3;2;4;2026-08-01;
88;35;1;3;1;3;2026-08-01;
89;35;1;3;1;4;2026-08-01;
90;36;1;33;5;6;2026-08-01;
91;37;1;4;2;5;2026-08-01;
92;37;1;4;2;6;2026-08-01;
93;37;1;4;4;3;2026-08-01;
94;37;1;4;4;4;2026-08-01;
95;38;1;4;3;1;2026-08-01;
96;38;1;4;3;2;2026-08-01;
97;38;1;4;4;5;2026-08-01;
98;38;1;4;4;6;2026-08-01;
99;39;1;4;3;5;2026-08-01;
100;39;1;4;3;6;2026-08-01;
101;39;1;4;5;3;2026-08-01;
102;39;1;4;5;4;2026-08-01;
103;40;1;36;1;5;2026-08-01;
104;40;1;36;1;6;2026-08-01;
105;40;1;36;5;1;2026-08-01;
106;41;1;30;1;3;2026-08-01;
107;41;1;30;1;4;2026-08-01;
108;42;1;25;2;1;2026-08-01;
109;42;1;25;2;2;2026-08-01;
110;43;1;4;2;3;2026-08-01;
111;43;1;4;2;4;2026-08-01;
112;44;1;4;1;1;2026-08-01;
113;44;1;4;1;2;2026-08-01;
114;45;1;4;4;1;2026-08-01;
115;45;1;4;4;2;2026-08-01;
116;46;1;4;5;5;2026-08-01;
117;46;1;4;5;6;2026-08-01;
118;47;1;33;5;2;2026-08-01;
119;48;1;45;3;3;2026-08-01;
120;48;1;45;3;4;2026-08-01;
121;49;1;46;3;3;2026-08-01;
122;49;1;46;3;4;2026-08-01;
123;50;1;47;3;3;2026-08-01;
124;50;1;47;3;4;2026-08-01;
125;51;1;5;3;1;2026-08-01;
126;51;1;5;3;2;2026-08-01;
127;51;1;5;5;3;2026-08-01;
128;51;1;5;5;4;2026-08-01;
129;52;1;5;4;1;2026-08-01;
130;52;1;5;4;2;2026-08-01;
131;52;1;5;1;5;2026-08-01;
132;52;1;5;1;6;2026-08-01;
133;53;1;5;3;5;2026-08-01;
134;53;1;5;3;6;2026-08-01;
135;53;1;5;5;1;2026-08-01;
136;53;1;5;5;2;2026-08-01;
137;54;1;36;2;1;2026-08-01;
138;54;1;36;2;2;2026-08-01;
139;54;1;36;1;1;2026-08-01;
140;55;1;30;2;5;2026-08-01;
141;55;1;30;2;6;2026-08-01;
142;56;1;24;2;3;2026-08-01;
143;56;1;24;2;4;2026-08-01;
144;57;1;5;4;5;2026-08-01;
145;57;1;5;4;6;2026-08-01;
146;58;1;5;5;5;2026-08-01;
147;58;1;5;5;6;2026-08-01;
148;59;1;5;4;3;2026-08-01;
149;59;1;5;4;4;2026-08-01;
150;60;1;5;1;3;2026-08-01;
151;60;1;5;1;4;2026-08-01;
152;61;1;33;1;2;2026-08-01;
153;62;1;6;1;1;2026-08-01;
154;62;1;6;1;2;2026-08-01;
155;62;1;6;2;1;2026-08-01;
156;62;1;6;2;2;2026-08-01;
157;63;1;6;4;1;2026-08-01;
158;63;1;6;4;2;2026-08-01;
159;63;1;6;1;5;2026-08-01;
160;63;1;6;1;6;2026-08-01;
161;64;1;6;5;1;2026-08-01;
162;64;1;6;5;2;2026-08-01;
163;64;1;6;3;1;2026-08-01;
164;64;1;6;3;2;2026-08-01;
165;65;1;37;3;5;2026-08-01;
166;65;1;37;3;6;2026-08-01;
167;65;1;37;5;3;2026-08-01;
168;66;1;30;2;3;2026-08-01;
169;66;1;30;2;4;2026-08-01;
170;67;1;24;2;5;2026-08-01;
171;67;1;24;2;6;2026-08-01;
172;68;1;6;4;3;2026-08-01;
173;68;1;6;4;4;2026-08-01;
174;69;1;6;1;3;2026-08-01;
175;69;1;6;1;4;2026-08-01;
176;70;1;6;4;5;2026-08-01;
177;70;1;6;4;6;2026-08-01;
178;71;1;6;5;5;2026-08-01;
179;71;1;6;5;6;2026-08-01;
180;72;1;33;5;4;2026-08-01;
181;73;1;7;4;5;2026-08-01;
182;73;1;7;4;6;2026-08-01;
183;73;1;7;2;3;2026-08-01;
184;73;1;7;2;4;2026-08-01;
185;74;1;7;5;1;2026-08-01;
186;74;1;7;5;2;2026-08-01;
187;74;1;7;3;5;2026-08-01;
188;74;1;7;3;6;2026-08-01;
189;75;1;7;1;3;2026-08-01;
190;75;1;7;1;4;2026-08-01;
191;75;1;7;4;1;2026-08-01;
192;75;1;7;4;2;2026-08-01;
193;76;1;37;5;5;2026-08-01;
194;76;1;37;5;6;2026-08-01;
195;76;1;37;3;1;2026-08-01;
196;77;1;30;1;1;2026-08-01;
197;77;1;30;1;2;2026-08-01;
198;78;1;24;4;3;2026-08-01;
199;78;1;24;4;4;2026-08-01;
200;79;1;7;2;1;2026-08-01;
201;79;1;7;2;2;2026-08-01;
202;80;1;7;5;3;2026-08-01;
203;80;1;7;5;4;2026-08-01;
204;81;1;7;2;5;2026-08-01;
205;81;1;7;2;6;2026-08-01;
206;82;1;7;1;5;2026-08-01;
207;82;1;7;1;6;2026-08-01;
208;83;1;34;3;2;2026-08-01;
209;84;1;8;5;1;2026-08-01;
210;84;1;8;5;2;2026-08-01;
211;84;1;8;2;1;2026-08-01;
212;84;1;8;2;2;2026-08-01;
213;85;1;8;4;3;2026-08-01;
214;85;1;8;4;4;2026-08-01;
215;85;1;8;2;5;2026-08-01;
216;85;1;8;2;6;2026-08-01;
217;86;1;8;5;3;2026-08-01;
218;86;1;8;5;4;2026-08-01;
219;86;1;8;3;5;2026-08-01;
220;86;1;8;3;6;2026-08-01;
221;87;1;38;3;1;2026-08-01;
222;87;1;38;3;2;2026-08-01;
223;87;1;38;1;5;2026-08-01;
224;88;1;30;5;5;2026-08-01;
225;88;1;30;5;6;2026-08-01;
226;89;1;25;1;3;2026-08-01;
227;89;1;25;1;4;2026-08-01;
228;90;1;8;4;5;2026-08-01;
229;90;1;8;4;6;2026-08-01;
230;91;1;8;4;1;2026-08-01;
231;91;1;8;4;2;2026-08-01;
232;92;1;8;2;3;2026-08-01;
233;92;1;8;2;4;2026-08-01;
234;93;1;8;1;1;2026-08-01;
235;93;1;8;1;2;2026-08-01;
236;94;1;33;1;6;2026-08-01;
237;95;1;48;3;3;2026-08-01;
238;95;1;48;3;4;2026-08-01;
239;96;1;49;3;3;2026-08-01;
240;96;1;49;3;4;2026-08-01;
241;97;1;50;3;3;2026-08-01;
242;97;1;50;3;4;2026-08-01;
243;98;1;45;4;8;2026-08-01;
244;98;1;45;4;9;2026-08-01;
245;98;1;45;5;1;2026-08-01;
246;99;1;46;4;8;2026-08-01;
247;99;1;46;4;9;2026-08-01;
248;99;1;46;5;1;2026-08-01;
249;100;1;33;4;8;2026-08-01;
250;100;1;33;4;9;2026-08-01;
251;100;1;33;5;1;2026-08-01;
252;101;1;9;2;3;2026-08-01;
253;101;1;9;2;4;2026-08-01;
254;101;1;9;5;5;2026-08-01;
255;101;1;9;5;6;2026-08-01;
256;102;1;9;4;5;2026-08-01;
257;102;1;9;4;6;2026-08-01;
258;102;1;9;2;5;2026-08-01;
259;102;1;9;2;6;2026-08-01;
260;103;1;9;1;5;2026-08-01;
261;103;1;9;1;6;2026-08-01;
262;103;1;9;4;3;2026-08-01;
263;103;1;9;4;4;2026-08-01;
264;104;1;31;3;1;2026-08-01;
265;104;1;31;3;2;2026-08-01;
266;105;1;26;1;3;2026-08-01;
267;105;1;26;1;4;2026-08-01;
268;106;1;9;1;1;2026-08-01;
269;106;1;9;1;2;2026-08-01;
270;107;1;9;4;1;2026-08-01;
271;107;1;9;4;2;2026-08-01;
272;108;1;9;3;5;2026-08-01;
273;108;1;9;3;6;2026-08-01;
274;109;1;37;2;1;2026-08-01;
275;109;1;37;2;2;2026-08-01;
276;110;1;9;5;2;2026-08-01;
277;111;1;10;3;1;2026-08-01;
278;111;1;10;3;2;2026-08-01;
279;111;1;10;2;1;2026-08-01;
280;111;1;10;2;2;2026-08-01;
281;112;1;10;2;5;2026-08-01;
282;112;1;10;2;6;2026-08-01;
283;112;1;10;1;3;2026-08-01;
284;112;1;10;1;4;2026-08-01;
285;113;1;10;5;5;2026-08-01;
286;113;1;10;5;6;2026-08-01;
287;113;1;10;4;1;2026-08-01;
288;113;1;10;4;2;2026-08-01;
289;114;1;31;2;3;2026-08-01;
290;114;1;31;2;4;2026-08-01;
291;115;1;25;5;3;2026-08-01;
292;115;1;25;5;4;2026-08-01;
293;116;1;10;1;5;2026-08-01;
294;116;1;10;1;6;2026-08-01;
295;117;1;10;4;3;2026-08-01;
296;117;1;10;4;4;2026-08-01;
297;118;1;10;1;1;2026-08-01;
298;118;1;10;1;2;2026-08-01;
299;119;1;37;4;5;2026-08-01;
300;119;1;37;4;6;2026-08-01;
301;120;1;10;5;2;2026-08-01;
302;121;1;11;3;1;2026-08-01;
303;121;1;11;3;2;2026-08-01;
304;121;1;11;4;3;2026-08-01;
305;121;1;11;4;4;2026-08-01;
306;122;1;11;2;3;2026-08-01;
307;122;1;11;2;4;2026-08-01;
308;122;1;11;4;5;2026-08-01;
309;122;1;11;4;6;2026-08-01;
310;123;1;11;1;1;2026-08-01;
311;123;1;11;1;2;2026-08-01;
312;123;1;11;4;1;2026-08-01;
313;123;1;11;4;2;2026-08-01;
314;124;1;30;2;1;2026-08-01;
315;124;1;30;2;2;2026-08-01;
316;125;1;24;1;5;2026-08-01;
317;125;1;24;1;6;2026-08-01;
318;126;1;11;5;3;2026-08-01;
319;126;1;11;5;4;2026-08-01;
320;127;1;11;2;5;2026-08-01;
321;127;1;11;2;6;2026-08-01;
322;128;1;11;3;5;2026-08-01;
323;128;1;11;3;6;2026-08-01;
324;129;1;38;5;5;2026-08-01;
325;129;1;38;5;6;2026-08-01;
326;130;1;11;5;2;2026-08-01;
327;131;1;12;2;3;2026-08-01;
328;131;1;12;2;4;2026-08-01;
329;131;1;12;4;5;2026-08-01;
330;131;1;12;4;6;2026-08-01;
331;132;1;12;4;3;2026-08-01;
332;132;1;12;4;4;2026-08-01;
333;132;1;12;3;5;2026-08-01;
334;132;1;12;3;6;2026-08-01;
335;133;1;12;3;1;2026-08-01;
336;133;1;12;3;2;2026-08-01;
337;133;1;12;2;1;2026-08-01;
338;133;1;12;2;2;2026-08-01;
339;134;1;31;1;3;2026-08-01;
340;134;1;31;1;4;2026-08-01;
341;135;1;26;5;3;2026-08-01;
342;135;1;26;5;4;2026-08-01;
343;136;1;12;1;5;2026-08-01;
344;136;1;12;1;6;2026-08-01;
345;137;1;12;2;5;2026-08-01;
346;137;1;12;2;6;2026-08-01;
347;138;1;12;4;1;2026-08-01;
348;138;1;12;4;2;2026-08-01;
349;139;1;37;1;1;2026-08-01;
350;139;1;37;1;2;2026-08-01;
351;140;1;12;5;2;2026-08-01;
352;141;1;51;3;3;2026-08-01;
353;141;1;51;3;4;2026-08-01;
354;142;1;52;3;3;2026-08-01;
355;142;1;52;3;4;2026-08-01;
356;143;1;53;3;3;2026-08-01;
357;143;1;53;3;4;2026-08-01;
358;144;1;47;4;8;2026-08-01;
359;144;1;47;4;9;2026-08-01;
360;144;1;47;5;1;2026-08-01;
361;145;1;48;4;8;2026-08-01;
362;145;1;48;4;9;2026-08-01;
363;145;1;48;5;1;2026-08-01;
364;146;1;34;4;8;2026-08-01;
365;146;1;34;4;9;2026-08-01;
366;146;1;34;5;1;2026-08-01;
367;147;1;13;4;5;2026-08-01;
368;147;1;13;4;6;2026-08-01;
369;147;1;13;2;5;2026-08-01;
370;147;1;13;2;6;2026-08-01;
371;148;1;13;1;1;2026-08-01;
372;148;1;13;1;2;2026-08-01;
373;148;1;13;3;5;2026-08-01;
374;148;1;13;3;6;2026-08-01;
375;149;1;13;2;3;2026-08-01;
376;149;1;13;2;4;2026-08-01;
377;149;1;13;5;5;2026-08-01;
378;149;1;13;5;6;2026-08-01;
379;150;1;30;5;3;2026-08-01;
380;150;1;30;5;4;2026-08-01;
381;151;1;24;4;1;2026-08-01;
382;151;1;24;4;2;2026-08-01;
383;152;1;13;4;3;2026-08-01;
384;152;1;13;4;4;2026-08-01;
385;153;1;13;2;1;2026-08-01;
386;153;1;13;2;2;2026-08-01;
387;154;1;13;1;5;2026-08-01;
388;154;1;13;1;6;2026-08-01;
389;155;1;39;3;1;2026-08-01;
390;155;1;39;3;2;2026-08-01;
391;156;1;13;5;2;2026-08-01;
392;157;1;14;3;1;2026-08-01;
393;157;1;14;3;2;2026-08-01;
394;157;1;14;4;5;2026-08-01;
395;157;1;14;4;6;2026-08-01;
396;158;1;14;2;3;2026-08-01;
397;158;1;14;2;4;2026-08-01;
398;158;1;14;4;1;2026-08-01;
399;158;1;14;4;2;2026-08-01;
400;159;1;14;3;5;2026-08-01;
401;159;1;14;3;6;2026-08-01;
402;159;1;14;4;3;2026-08-01;
403;159;1;14;4;4;2026-08-01;
404;160;1;31;1;1;2026-08-01;
405;160;1;31;1;2;2026-08-01;
406;161;1;39;1;3;2026-08-01;
407;161;1;39;1;4;2026-08-01;
408;162;1;14;5;5;2026-08-01;
409;162;1;14;5;6;2026-08-01;
410;163;1;14;2;5;2026-08-01;
411;163;1;14;2;6;2026-08-01;
412;164;1;14;2;1;2026-08-01;
413;164;1;14;2;2;2026-08-01;
414;165;1;37;1;5;2026-08-01;
415;165;1;37;1;6;2026-08-01;
416;166;1;14;5;2;2026-08-01;
417;167;1;15;2;1;2026-08-01;
418;167;1;15;2;2;2026-08-01;
419;167;1;15;3;1;2026-08-01;
420;167;1;15;3;2;2026-08-01;
421;168;1;15;5;3;2026-08-01;
422;168;1;15;5;4;2026-08-01;
423;168;1;15;2;3;2026-08-01;
424;168;1;15;2;4;2026-08-01;
425;169;1;15;3;5;2026-08-01;
426;169;1;15;3;6;2026-08-01;
427;169;1;15;4;1;2026-08-01;
428;169;1;15;4;2;2026-08-01;
429;170;1;32;1;3;2026-08-01;
430;170;1;32;1;4;2026-08-01;
431;171;1;25;4;3;2026-08-01;
432;171;1;25;4;4;2026-08-01;
433;172;1;15;1;1;2026-08-01;
434;172;1;15;1;2;2026-08-01;
435;173;1;15;2;5;2026-08-01;
436;173;1;15;2;6;2026-08-01;
437;174;1;15;5;5;2026-08-01;
438;174;1;15;5;6;2026-08-01;
439;175;1;39;1;5;2026-08-01;
440;175;1;39;1;6;2026-08-01;
441;176;1;15;5;2;2026-08-01;
442;177;1;16;2;3;2026-08-01;
443;177;1;16;2;4;2026-08-01;
444;177;1;16;4;5;2026-08-01;
445;177;1;16;4;6;2026-08-01;
446;178;1;16;1;5;2026-08-01;
447;178;1;16;1;6;2026-08-01;
448;178;1;16;3;1;2026-08-01;
449;178;1;16;3;2;2026-08-01;
450;179;1;16;2;5;2026-08-01;
451;179;1;16;2;6;2026-08-01;
452;179;1;16;4;1;2026-08-01;
453;179;1;16;4;2;2026-08-01;
454;180;1;31;5;5;2026-08-01;
455;180;1;31;5;6;2026-08-01;
456;181;1;24;3;5;2026-08-01;
457;181;1;24;3;6;2026-08-01;
458;182;1;16;2;1;2026-08-01;
459;182;1;16;2;2;2026-08-01;
460;183;1;16;5;3;2026-08-01;
461;183;1;16;5;4;2026-08-01;
462;184;1;16;4;3;2026-08-01;
463;184;1;16;4;4;2026-08-01;
464;185;1;38;1;1;2026-08-01;
465;185;1;38;1;2;2026-08-01;
466;186;1;16;5;2;2026-08-01;
467;187;1;54;3;3;2026-08-01;
468;187;1;54;3;4;2026-08-01;
469;188;1;55;3;3;2026-08-01;
470;188;1;55;3;4;2026-08-01;
471;189;1;56;3;3;2026-08-01;
472;189;1;56;3;4;2026-08-01;
473;190;1;49;4;8;2026-08-01;
474;190;1;49;4;9;2026-08-01;
475;190;1;49;5;1;2026-08-01;
476;191;1;50;4;8;2026-08-01;
477;191;1;50;4;9;2026-08-01;
478;191;1;50;5;1;2026-08-01;
479;192;1;35;4;8;2026-08-01;
480;192;1;35;4;9;2026-08-01;
481;192;1;35;5;1;2026-08-01;
482;193;1;39;2;1;2026-08-01;
483;193;1;39;2;2;2026-08-01;
484;194;1;40;2;1;2026-08-01;
485;194;1;40;2;2;2026-08-01;
486;195;1;17;4;5;2026-08-01;
487;195;1;17;4;6;2026-08-01;
488;195;1;17;1;3;2026-08-01;
489;195;1;17;1;4;2026-08-01;
490;196;1;17;5;5;2026-08-01;
491;196;1;17;5;6;2026-08-01;
492;196;1;17;2;3;2026-08-01;
493;196;1;17;2;4;2026-08-01;
494;197;1;17;4;3;2026-08-01;
495;197;1;17;4;4;2026-08-01;
496;197;1;17;3;1;2026-08-01;
497;197;1;17;3;2;2026-08-01;
498;198;1;40;1;5;2026-08-01;
499;198;1;40;1;6;2026-08-01;
500;198;1;40;5;2;2026-08-01;
501;199;1;31;2;5;2026-08-01;
502;199;1;31;2;6;2026-08-01;
503;200;1;39;5;3;2026-08-01;
504;200;1;39;5;4;2026-08-01;
505;201;1;17;4;1;2026-08-01;
506;201;1;17;4;2;2026-08-01;
507;202;1;17;1;1;2026-08-01;
508;202;1;17;1;2;2026-08-01;
509;203;1;18;5;3;2026-08-01;
510;203;1;18;5;4;2026-08-01;
511;203;1;18;1;5;2026-08-01;
512;203;1;18;1;6;2026-08-01;
513;204;1;18;4;1;2026-08-01;
514;204;1;18;4;2;2026-08-01;
515;204;1;18;5;5;2026-08-01;
516;204;1;18;5;6;2026-08-01;
517;205;1;18;1;1;2026-08-01;
518;205;1;18;1;2;2026-08-01;
519;205;1;18;3;5;2026-08-01;
520;205;1;18;3;6;2026-08-01;
521;206;1;36;2;3;2026-08-01;
522;206;1;36;2;4;2026-08-01;
523;206;1;36;5;2;2026-08-01;
524;207;1;31;4;3;2026-08-01;
525;207;1;31;4;4;2026-08-01;
526;208;1;24;3;1;2026-08-01;
527;208;1;24;3;2;2026-08-01;
528;209;1;18;4;5;2026-08-01;
529;209;1;18;4;6;2026-08-01;
530;210;1;18;1;3;2026-08-01;
531;210;1;18;1;4;2026-08-01;
532;211;1;19;2;3;2026-08-01;
533;211;1;19;2;4;2026-08-01;
534;211;1;19;3;5;2026-08-01;
535;211;1;19;3;6;2026-08-01;
536;212;1;19;1;1;2026-08-01;
537;212;1;19;1;2;2026-08-01;
538;212;1;19;4;5;2026-08-01;
539;212;1;19;4;6;2026-08-01;
540;213;1;19;3;1;2026-08-01;
541;213;1;19;3;2;2026-08-01;
542;213;1;19;5;5;2026-08-01;
543;213;1;19;5;6;2026-08-01;
544;214;1;41;1;5;2026-08-01;
545;214;1;41;1;6;2026-08-01;
546;214;1;41;5;2;2026-08-01;
547;215;1;32;2;5;2026-08-01;
548;215;1;32;2;6;2026-08-01;
549;216;1;40;1;3;2026-08-01;
550;216;1;40;1;4;2026-08-01;
551;217;1;19;4;3;2026-08-01;
552;217;1;19;4;4;2026-08-01;
553;218;1;19;4;1;2026-08-01;
554;218;1;19;4;2;2026-08-01;
555;219;1;20;2;5;2026-08-01;
556;219;1;20;2;6;2026-08-01;
557;219;1;20;4;5;2026-08-01;
558;219;1;20;4;6;2026-08-01;
559;220;1;20;1;3;2026-08-01;
560;220;1;20;1;4;2026-08-01;
561;220;1;20;2;3;2026-08-01;
562;220;1;20;2;4;2026-08-01;
563;221;1;20;1;1;2026-08-01;
564;221;1;20;1;2;2026-08-01;
565;221;1;20;3;5;2026-08-01;
566;221;1;20;3;6;2026-08-01;
567;222;1;42;1;5;2026-08-01;
568;222;1;42;1;6;2026-08-01;
569;222;1;42;5;2;2026-08-01;
570;223;1;32;4;3;2026-08-01;
571;223;1;32;4;4;2026-08-01;
572;224;1;25;3;1;2026-08-01;
573;224;1;25;3;2;2026-08-01;
574;225;1;20;4;1;2026-08-01;
575;225;1;20;4;2;2026-08-01;
576;226;1;20;5;3;2026-08-01;
577;226;1;20;5;4;2026-08-01;
578;227;1;57;3;3;2026-08-01;
579;227;1;57;3;4;2026-08-01;
580;228;1;58;3;3;2026-08-01;
581;228;1;58;3;4;2026-08-01;
582;229;1;1;3;3;2026-08-01;
583;229;1;1;3;4;2026-08-01;
584;230;1;51;4;8;2026-08-01;
585;230;1;51;4;9;2026-08-01;
586;230;1;51;5;1;2026-08-01;
587;231;1;52;4;8;2026-08-01;
588;231;1;52;4;9;2026-08-01;
589;231;1;52;5;1;2026-08-01;
590;232;1;39;4;8;2026-08-01;
591;232;1;39;4;9;2026-08-01;
592;232;1;39;5;1;2026-08-01;
593;233;1;41;2;1;2026-08-01;
594;233;1;41;2;2;2026-08-01;
595;234;1;42;2;1;2026-08-01;
596;234;1;42;2;2;2026-08-01;
597;235;1;21;5;3;2026-08-01;
598;235;1;21;5;4;2026-08-01;
599;235;1;21;3;1;2026-08-01;
600;235;1;21;3;2;2026-08-01;
601;236;1;21;2;3;2026-08-01;
602;236;1;21;2;4;2026-08-01;
603;236;1;21;5;5;2026-08-01;
604;236;1;21;5;6;2026-08-01;
605;237;1;21;2;5;2026-08-01;
606;237;1;21;2;6;2026-08-01;
607;237;1;21;3;5;2026-08-01;
608;237;1;21;3;6;2026-08-01;
609;238;1;38;4;5;2026-08-01;
610;238;1;38;4;6;2026-08-01;
611;238;1;38;5;2;2026-08-01;
612;239;1;30;1;5;2026-08-01;
613;239;1;30;1;6;2026-08-01;
614;240;1;25;4;1;2026-08-01;
615;240;1;25;4;2;2026-08-01;
616;241;1;21;1;1;2026-08-01;
617;241;1;21;1;2;2026-08-01;
618;242;1;21;1;3;2026-08-01;
619;242;1;21;1;4;2026-08-01;
620;243;1;22;1;3;2026-08-01;
621;243;1;22;1;4;2026-08-01;
622;243;1;22;4;3;2026-08-01;
623;243;1;22;4;4;2026-08-01;
624;244;1;22;5;3;2026-08-01;
625;244;1;22;5;4;2026-08-01;
626;244;1;22;3;5;2026-08-01;
627;244;1;22;3;6;2026-08-01;
628;245;1;22;1;5;2026-08-01;
629;245;1;22;1;6;2026-08-01;
630;245;1;22;2;3;2026-08-01;
631;245;1;22;2;4;2026-08-01;
632;246;1;37;4;1;2026-08-01;
633;246;1;37;4;2;2026-08-01;
634;246;1;37;5;2;2026-08-01;
635;247;1;32;5;5;2026-08-01;
636;247;1;32;5;6;2026-08-01;
637;248;1;26;3;1;2026-08-01;
638;248;1;26;3;2;2026-08-01;
639;249;1;22;1;1;2026-08-01;
640;249;1;22;1;2;2026-08-01;
641;250;1;22;2;5;2026-08-01;
642;250;1;22;2;6;2026-08-01;
643;251;1;23;5;5;2026-08-01;
644;251;1;23;5;6;2026-08-01;
645;251;1;23;3;1;2026-08-01;
646;251;1;23;3;2;2026-08-01;
647;252;1;23;2;5;2026-08-01;
648;252;1;23;2;6;2026-08-01;
649;252;1;23;1;1;2026-08-01;
650;252;1;23;1;2;2026-08-01;
651;253;1;23;4;3;2026-08-01;
652;253;1;23;4;4;2026-08-01;
653;253;1;23;1;5;2026-08-01;
654;253;1;23;1;6;2026-08-01;
655;254;1;43;1;3;2026-08-01;
656;254;1;43;1;4;2026-08-01;
657;254;1;43;5;2;2026-08-01;
658;255;1;30;4;1;2026-08-01;
659;255;1;30;4;2;2026-08-01;
660;256;1;24;4;5;2026-08-01;
661;256;1;24;4;6;2026-08-01;
662;257;1;23;5;3;2026-08-01;
663;257;1;23;5;4;2026-08-01;
664;258;1;23;2;3;2026-08-01;
665;258;1;23;2;4;2026-08-01;
666;259;1;42;1;1;2026-08-01;
667;259;1;42;1;2;2026-08-01;
668;259;1;42;4;3;2026-08-01;
669;260;1;46;1;3;2026-08-01;
670;260;1;46;1;4;2026-08-01;
671;260;1;46;4;4;2026-08-01;
672;261;1;45;1;5;2026-08-01;
673;261;1;45;1;6;2026-08-01;
674;261;1;45;4;5;2026-08-01;
675;262;1;43;2;1;2026-08-01;
676;262;1;43;2;2;2026-08-01;
677;262;1;43;5;1;2026-08-01;
678;263;1;44;2;3;2026-08-01;
679;263;1;44;2;4;2026-08-01;
680;263;1;44;5;2;2026-08-01;
681;264;1;40;2;5;2026-08-01;
682;264;1;40;2;6;2026-08-01;
683;264;1;40;5;3;2026-08-01;
684;265;1;42;3;1;2026-08-01;
685;265;1;42;3;2;2026-08-01;
686;265;1;42;5;4;2026-08-01;
687;266;1;3;3;3;2026-08-01;
688;266;1;3;3;4;2026-08-01;
689;266;1;3;5;5;2026-08-01;
690;267;1;41;3;5;2026-08-01;
691;267;1;41;3;6;2026-08-01;
692;267;1;41;5;6;2026-08-01;
693;268;1;43;1;1;2026-08-01;
694;268;1;43;1;2;2026-08-01;
695;268;1;43;4;3;2026-08-01;
696;269;1;47;1;3;2026-08-01;
697;269;1;47;1;4;2026-08-01;
698;269;1;47;4;4;2026-08-01;
699;270;1;46;1;5;2026-08-01;
700;270;1;46;1;6;2026-08-01;
701;270;1;46;4;5;2026-08-01;
702;271;1;44;2;1;2026-08-01;
703;271;1;44;2;2;2026-08-01;
704;271;1;44;5;1;2026-08-01;
705;272;1;45;2;3;2026-08-01;
706;272;1;45;2;4;2026-08-01;
707;272;1;45;5;2;2026-08-01;
708;273;1;41;2;5;2026-08-01;
709;273;1;41;2;6;2026-08-01;
710;273;1;41;5;3;2026-08-01;
711;274;1;43;3;1;2026-08-01;
712;274;1;43;3;2;2026-08-01;
713;274;1;43;5;4;2026-08-01;
714;275;1;7;3;3;2026-08-01;
715;275;1;7;3;4;2026-08-01;
716;275;1;7;5;5;2026-08-01;
717;276;1;42;3;5;2026-08-01;
718;276;1;42;3;6;2026-08-01;
719;276;1;42;5;6;2026-08-01;
720;277;1;39;1;1;2026-08-01;
721;277;1;39;1;2;2026-08-01;
722;277;1;39;4;3;2026-08-01;
723;278;1;37;1;3;2026-08-01;
724;278;1;37;1;4;2026-08-01;
725;278;1;37;4;4;2026-08-01;
726;279;1;43;1;5;2026-08-01;
727;279;1;43;1;6;2026-08-01;
728;279;1;43;4;5;2026-08-01;
729;280;1;38;2;1;2026-08-01;
730;280;1;38;2;2;2026-08-01;
731;280;1;38;5;1;2026-08-01;
732;281;1;39;2;3;2026-08-01;
733;281;1;39;2;4;2026-08-01;
734;281;1;39;5;2;2026-08-01;
735;282;1;38;2;5;2026-08-01;
736;282;1;38;2;6;2026-08-01;
737;282;1;38;5;3;2026-08-01;
738;283;1;32;3;1;2026-08-01;
739;283;1;32;3;2;2026-08-01;
740;283;1;32;5;4;2026-08-01;
741;284;1;39;3;3;2026-08-01;
742;284;1;39;3;4;2026-08-01;
743;284;1;39;5;5;2026-08-01;
744;285;1;39;3;5;2026-08-01;
745;285;1;39;3;6;2026-08-01;
746;285;1;39;5;6;2026-08-01;
747;286;1;44;1;1;2026-08-01;
748;286;1;44;1;2;2026-08-01;
749;286;1;44;4;3;2026-08-01;
750;287;1;48;1;3;2026-08-01;
751;287;1;48;1;4;2026-08-01;
752;287;1;48;4;4;2026-08-01;
753;288;1;47;1;5;2026-08-01;
754;288;1;47;1;6;2026-08-01;
755;288;1;47;4;5;2026-08-01;
756;289;1;53;2;1;2026-08-01;
757;289;1;53;2;2;2026-08-01;
758;289;1;53;5;1;2026-08-01;
759;290;1;46;2;3;2026-08-01;
760;290;1;46;2;4;2026-08-01;
761;290;1;46;5;2;2026-08-01;
762;291;1;42;2;5;2026-08-01;
763;291;1;42;2;6;2026-08-01;
764;291;1;42;5;3;2026-08-01;
765;292;1;44;3;1;2026-08-01;
766;292;1;44;3;2;2026-08-01;
767;292;1;44;5;4;2026-08-01;
768;293;1;8;3;3;2026-08-01;
769;293;1;8;3;4;2026-08-01;
770;293;1;8;5;5;2026-08-01;
771;294;1;43;3;5;2026-08-01;
772;294;1;43;3;6;2026-08-01;
773;294;1;43;5;6;2026-08-01;
774;295;1;26;1;1;2026-08-01;
775;295;1;26;1;2;2026-08-01;
776;295;1;26;4;3;2026-08-01;
777;296;1;41;1;3;2026-08-01;
778;296;1;41;1;4;2026-08-01;
779;296;1;41;4;4;2026-08-01;
780;297;1;25;1;5;2026-08-01;
781;297;1;25;1;6;2026-08-01;
782;297;1;25;4;5;2026-08-01;
783;298;1;27;2;1;2026-08-01;
784;298;1;27;2;2;2026-08-01;
785;298;1;27;5;1;2026-08-01;
786;299;1;27;2;3;2026-08-01;
787;299;1;27;2;4;2026-08-01;
788;299;1;27;5;2;2026-08-01;
789;300;1;27;2;5;2026-08-01;
790;300;1;27;2;6;2026-08-01;
791;300;1;27;5;3;2026-08-01;
792;301;1;45;3;1;2026-08-01;
793;301;1;45;3;2;2026-08-01;
794;301;1;45;5;4;2026-08-01;
795;302;1;11;3;3;2026-08-01;
796;302;1;11;3;4;2026-08-01;
797;302;1;11;5;5;2026-08-01;
798;303;1;44;3;5;2026-08-01;
799;303;1;44;3;6;2026-08-01;
800;303;1;44;5;6;2026-08-01;
801;304;1;45;1;1;2026-08-01;
802;304;1;45;1;2;2026-08-01;
803;304;1;45;4;3;2026-08-01;
804;305;1;49;1;3;2026-08-01;
805;305;1;49;1;4;2026-08-01;
806;305;1;49;4;4;2026-08-01;
807;306;1;48;1;5;2026-08-01;
808;306;1;48;1;6;2026-08-01;
809;306;1;48;4;5;2026-08-01;
810;307;1;46;1;1;2026-08-01;
811;307;1;46;1;2;2026-08-01;
812;307;1;46;4;3;2026-08-01;
813;308;1;50;1;3;2026-08-01;
814;308;1;50;1;4;2026-08-01;
815;308;1;50;4;4;2026-08-01;
816;309;1;49;1;5;2026-08-01;
817;309;1;49;1;6;2026-08-01;
818;309;1;49;4;5;2026-08-01;
819;310;1;54;2;1;2026-08-01;
820;310;1;54;2;2;2026-08-01;
821;310;1;54;5;1;2026-08-01;
822;311;1;47;2;3;2026-08-01;
823;311;1;47;2;4;2026-08-01;
824;311;1;47;5;2;2026-08-01;
825;312;1;43;1;8;2026-08-01;
826;312;1;43;1;9;2026-08-01;
827;312;1;43;3;8;2026-08-01;
828;312;1;43;3;9;2026-08-01;
829;312;1;43;5;8;2026-08-01;
830;313;1;53;2;8;2026-08-01;
831;313;1;53;2;9;2026-08-01;
832;313;1;53;4;8;2026-08-01;
833;313;1;53;4;9;2026-08-01;
834;313;1;53;5;7;2026-08-01;
835;314;1;44;1;8;2026-08-01;
836;314;1;44;1;9;2026-08-01;
837;314;1;44;3;8;2026-08-01;
838;314;1;44;3;9;2026-08-01;
839;314;1;44;5;8;2026-08-01;
840;315;1;54;2;8;2026-08-01;
841;315;1;54;2;9;2026-08-01;
842;315;1;54;4;8;2026-08-01;
843;315;1;54;4;9;2026-08-01;
844;315;1;54;5;7;2026-08-01;
845;316;1;45;1;8;2026-08-01;
846;316;1;45;1;9;2026-08-01;
847;316;1;45;3;8;2026-08-01;
848;316;1;45;3;9;2026-08-01;
849;316;1;45;5;8;2026-08-01;
850;317;1;55;2;8;2026-08-01;
851;317;1;55;2;9;2026-08-01;
852;317;1;55;4;8;2026-08-01;
853;317;1;55;4;9;2026-08-01;
854;317;1;55;5;7;2026-08-01;
855;318;1;46;1;8;2026-08-01;
856;318;1;46;1;9;2026-08-01;
857;318;1;46;3;8;2026-08-01;
858;318;1;46;3;9;2026-08-01;
859;318;1;46;5;8;2026-08-01;
860;319;1;56;2;8;2026-08-01;
861;319;1;56;2;9;2026-08-01;
862;319;1;56;4;8;2026-08-01;
863;319;1;56;4;9;2026-08-01;
864;319;1;56;5;7;2026-08-01;
865;320;1;43;2;5;2026-08-01;
866;320;1;43;2;6;2026-08-01;
867;320;1;43;5;3;2026-08-01;
868;321;1;46;3;1;2026-08-01;
869;321;1;46;3;2;2026-08-01;
870;321;1;46;5;4;2026-08-01;
871;322;1;12;3;3;2026-08-01;
872;322;1;12;3;4;2026-08-01;
873;322;1;12;5;5;2026-08-01;
874;323;1;45;3;5;2026-08-01;
875;323;1;45;3;6;2026-08-01;
876;323;1;45;5;6;2026-08-01;
877;324;1;47;1;1;2026-08-01;
878;324;1;47;1;2;2026-08-01;
879;324;1;47;4;3;2026-08-01;
880;325;1;47;1;8;2026-08-01;
881;325;1;47;1;9;2026-08-01;
882;325;1;47;3;8;2026-08-01;
883;325;1;47;3;9;2026-08-01;
884;325;1;47;5;8;2026-08-01;
885;326;1;57;2;8;2026-08-01;
886;326;1;57;2;9;2026-08-01;
887;326;1;57;4;8;2026-08-01;
888;326;1;57;4;9;2026-08-01;
889;326;1;57;5;7;2026-08-01;
890;327;1;48;1;8;2026-08-01;
891;327;1;48;1;9;2026-08-01;
892;327;1;48;3;8;2026-08-01;
893;327;1;48;3;9;2026-08-01;
894;327;1;48;5;8;2026-08-01;
895;328;1;58;2;8;2026-08-01;
896;328;1;58;2;9;2026-08-01;
897;328;1;58;4;8;2026-08-01;
898;328;1;58;4;9;2026-08-01;
899;328;1;58;5;7;2026-08-01;
900;329;1;49;1;8;2026-08-01;
901;329;1;49;1;9;2026-08-01;
902;329;1;49;3;8;2026-08-01;
903;329;1;49;3;9;2026-08-01;
904;329;1;49;5;8;2026-08-01;
905;330;1;1;2;8;2026-08-01;
906;330;1;1;2;9;2026-08-01;
907;330;1;1;4;8;2026-08-01;
908;330;1;1;4;9;2026-08-01;
909;330;1;1;5;7;2026-08-01;
910;331;1;50;1;8;2026-08-01;
911;331;1;50;1;9;2026-08-01;
912;331;1;50;3;8;2026-08-01;
913;331;1;50;3;9;2026-08-01;
914;331;1;50;5;8;2026-08-01;
915;332;1;2;2;8;2026-08-01;
916;332;1;2;2;9;2026-08-01;
917;332;1;2;4;8;2026-08-01;
918;332;1;2;4;9;2026-08-01;
919;332;1;2;5;7;2026-08-01;
920;333;1;51;1;3;2026-08-01;
921;333;1;51;1;4;2026-08-01;
922;333;1;51;4;4;2026-08-01;
923;334;1;50;1;5;2026-08-01;
924;334;1;50;1;6;2026-08-01;
925;334;1;50;4;5;2026-08-01;
926;335;1;55;2;1;2026-08-01;
927;335;1;55;2;2;2026-08-01;
928;335;1;55;5;1;2026-08-01;
929;336;1;48;2;3;2026-08-01;
930;336;1;48;2;4;2026-08-01;
931;336;1;48;5;2;2026-08-01;
932;337;1;44;2;5;2026-08-01;
933;337;1;44;2;6;2026-08-01;
934;337;1;44;5;3;2026-08-01;
935;338;1;51;1;8;2026-08-01;
936;338;1;51;1;9;2026-08-01;
937;338;1;51;3;8;2026-08-01;
938;338;1;51;3;9;2026-08-01;
939;338;1;51;5;8;2026-08-01;
940;339;1;3;2;8;2026-08-01;
941;339;1;3;2;9;2026-08-01;
942;339;1;3;4;8;2026-08-01;
943;339;1;3;4;9;2026-08-01;
944;339;1;3;5;7;2026-08-01;
945;340;1;52;1;8;2026-08-01;
946;340;1;52;1;9;2026-08-01;
947;340;1;52;3;8;2026-08-01;
948;340;1;52;3;9;2026-08-01;
949;340;1;52;5;8;2026-08-01;
950;341;1;4;2;8;2026-08-01;
951;341;1;4;2;9;2026-08-01;
952;341;1;4;4;8;2026-08-01;
953;341;1;4;4;9;2026-08-01;
954;341;1;4;5;7;2026-08-01;
955;342;1;53;1;8;2026-08-01;
956;342;1;53;1;9;2026-08-01;
957;342;1;53;3;8;2026-08-01;
958;342;1;53;3;9;2026-08-01;
959;342;1;53;5;8;2026-08-01;
960;343;1;5;2;8;2026-08-01;
961;343;1;5;2;9;2026-08-01;
962;343;1;5;4;8;2026-08-01;
963;343;1;5;4;9;2026-08-01;
964;343;1;5;5;7;2026-08-01;
965;344;1;54;1;8;2026-08-01;
966;344;1;54;1;9;2026-08-01;
967;344;1;54;3;8;2026-08-01;
968;344;1;54;3;9;2026-08-01;
969;344;1;54;5;8;2026-08-01;
970;345;1;6;2;8;2026-08-01;
971;345;1;6;2;9;2026-08-01;
972;345;1;6;4;8;2026-08-01;
973;345;1;6;4;9;2026-08-01;
974;345;1;6;5;7;2026-08-01;
975;346;1;40;3;1;2026-08-01;
976;346;1;40;3;2;2026-08-01;
977;346;1;40;5;4;2026-08-01;
978;347;1;40;3;3;2026-08-01;
979;347;1;40;3;4;2026-08-01;
980;347;1;40;5;5;2026-08-01;
981;348;1;36;3;5;2026-08-01;
982;348;1;36;3;6;2026-08-01;
983;348;1;36;5;6;2026-08-01;
984;349;1;40;1;1;2026-08-01;
985;349;1;40;1;2;2026-08-01;
986;349;1;40;4;3;2026-08-01;
987;350;1;38;1;3;2026-08-01;
988;350;1;38;1;4;2026-08-01;
989;350;1;38;4;4;2026-08-01;
990;351;1;31;1;5;2026-08-01;
991;351;1;31;1;6;2026-08-01;
992;351;1;31;4;5;2026-08-01;
993;352;1;31;2;1;2026-08-01;
994;352;1;31;2;2;2026-08-01;
995;352;1;31;5;1;2026-08-01;
996;353;1;30;1;8;2026-08-01;
997;353;1;30;1;9;2026-08-01;
998;353;1;30;3;8;2026-08-01;
999;353;1;30;3;9;2026-08-01;
1000;353;1;30;5;8;2026-08-01;
1001;354;1;30;2;8;2026-08-01;
1002;354;1;30;2;9;2026-08-01;
1003;354;1;30;4;8;2026-08-01;
1004;354;1;30;4;9;2026-08-01;
1005;354;1;30;5;7;2026-08-01;
1006;355;1;31;1;8;2026-08-01;
1007;355;1;31;1;9;2026-08-01;
1008;355;1;31;3;8;2026-08-01;
1009;355;1;31;3;9;2026-08-01;
1010;355;1;31;5;8;2026-08-01;
1011;356;1;31;2;8;2026-08-01;
1012;356;1;31;2;9;2026-08-01;
1013;356;1;31;4;8;2026-08-01;
1014;356;1;31;4;9;2026-08-01;
1015;356;1;31;5;7;2026-08-01;
1016;357;1;32;1;8;2026-08-01;
1017;357;1;32;1;9;2026-08-01;
1018;357;1;32;3;8;2026-08-01;
1019;357;1;32;3;9;2026-08-01;
1020;357;1;32;5;8;2026-08-01;
1021;358;1;32;2;8;2026-08-01;
1022;358;1;32;2;9;2026-08-01;
1023;358;1;32;4;8;2026-08-01;
1024;358;1;32;4;9;2026-08-01;
1025;358;1;32;5;7;2026-08-01;
1026;359;1;39;1;8;2026-08-01;
1027;359;1;39;1;9;2026-08-01;
1028;359;1;39;3;8;2026-08-01;
1029;359;1;39;3;9;2026-08-01;
1030;359;1;39;5;8;2026-08-01;
1031;360;1;40;2;8;2026-08-01;
1032;360;1;40;2;9;2026-08-01;
1033;360;1;40;4;8;2026-08-01;
1034;360;1;40;4;9;2026-08-01;
1035;360;1;40;5;7;2026-08-01;
1036;361;1;49;2;3;2026-08-01;
1037;361;1;49;2;4;2026-08-01;
1038;361;1;49;5;2;2026-08-01;
1039;362;1;45;2;5;2026-08-01;
1040;362;1;45;2;6;2026-08-01;
1041;362;1;45;5;3;2026-08-01;
1042;363;1;55;1;8;2026-08-01;
1043;363;1;55;1;9;2026-08-01;
1044;363;1;55;3;8;2026-08-01;
1045;363;1;55;3;9;2026-08-01;
1046;363;1;55;5;8;2026-08-01;
1047;364;1;7;2;8;2026-08-01;
1048;364;1;7;2;9;2026-08-01;
1049;364;1;7;4;8;2026-08-01;
1050;364;1;7;4;9;2026-08-01;
1051;364;1;7;5;7;2026-08-01;
1052;365;1;56;1;8;2026-08-01;
1053;365;1;56;1;9;2026-08-01;
1054;365;1;56;3;8;2026-08-01;
1055;365;1;56;3;9;2026-08-01;
1056;365;1;56;5;8;2026-08-01;
1057;366;1;8;2;8;2026-08-01;
1058;366;1;8;2;9;2026-08-01;
1059;366;1;8;4;8;2026-08-01;
1060;366;1;8;4;9;2026-08-01;
1061;366;1;8;5;7;2026-08-01;
1062;367;1;57;1;8;2026-08-01;
1063;367;1;57;1;9;2026-08-01;
1064;367;1;57;3;8;2026-08-01;
1065;367;1;57;3;9;2026-08-01;
1066;367;1;57;5;8;2026-08-01;
1067;368;1;9;2;8;2026-08-01;
1068;368;1;9;2;9;2026-08-01;
1069;368;1;9;4;8;2026-08-01;
1070;368;1;9;4;9;2026-08-01;
1071;368;1;9;5;7;2026-08-01;
1072;369;1;58;1;8;2026-08-01;
1073;369;1;58;1;9;2026-08-01;
1074;369;1;58;3;8;2026-08-01;
1075;369;1;58;3;9;2026-08-01;
1076;369;1;58;5;8;2026-08-01;
1077;370;1;10;2;8;2026-08-01;
1078;370;1;10;2;9;2026-08-01;
1079;370;1;10;4;8;2026-08-01;
1080;370;1;10;4;9;2026-08-01;
1081;370;1;10;5;7;2026-08-01;
1082;371;1;47;3;1;2026-08-01;
1083;371;1;47;3;2;2026-08-01;
1084;371;1;47;5;4;2026-08-01;
1085;372;1;16;3;3;2026-08-01;
1086;372;1;16;3;4;2026-08-01;
1087;372;1;16;5;5;2026-08-01;
1088;373;1;46;3;5;2026-08-01;
1089;373;1;46;3;6;2026-08-01;
1090;373;1;46;5;6;2026-08-01;
1091;374;1;48;1;1;2026-08-01;
1092;374;1;48;1;2;2026-08-01;
1093;374;1;48;4;3;2026-08-01;
1094;375;1;42;1;3;2026-08-01;
1095;375;1;42;1;4;2026-08-01;
1096;375;1;42;4;4;2026-08-01;
1097;376;1;26;1;5;2026-08-01;
1098;376;1;26;1;6;2026-08-01;
1099;376;1;26;4;5;2026-08-01;
1100;377;1;28;2;1;2026-08-01;
1101;377;1;28;2;2;2026-08-01;
1102;377;1;28;5;1;2026-08-01;
1103;378;1;28;2;3;2026-08-01;
1104;378;1;28;2;4;2026-08-01;
1105;378;1;28;5;2;2026-08-01;
1106;379;1;46;2;5;2026-08-01;
1107;379;1;46;2;6;2026-08-01;
1108;379;1;46;5;3;2026-08-01;
1109;380;1;48;3;1;2026-08-01;
1110;380;1;48;3;2;2026-08-01;
1111;380;1;48;5;4;2026-08-01;
1112;381;1;20;3;3;2026-08-01;
1113;381;1;20;3;4;2026-08-01;
1114;381;1;20;5;5;2026-08-01;
1115;382;1;47;3;5;2026-08-01;
1116;382;1;47;3;6;2026-08-01;
1117;382;1;47;5;6;2026-08-01;
1118;383;1;49;1;1;2026-08-01;
1119;383;1;49;1;2;2026-08-01;
1120;383;1;49;4;3;2026-08-01;
1121;384;1;52;1;3;2026-08-01;
1122;384;1;52;1;4;2026-08-01;
1123;384;1;52;4;4;2026-08-01;
1124;385;1;51;1;5;2026-08-01;
1125;385;1;51;1;6;2026-08-01;
1126;385;1;51;4;5;2026-08-01;
1127;386;1;56;2;1;2026-08-01;
1128;386;1;56;2;2;2026-08-01;
1129;386;1;56;5;1;2026-08-01;
1130;387;1;50;2;3;2026-08-01;
1131;387;1;50;2;4;2026-08-01;
1132;387;1;50;5;2;2026-08-01;
1133;388;1;1;1;8;2026-08-01;
1134;388;1;1;1;9;2026-08-01;
1135;388;1;1;3;8;2026-08-01;
1136;388;1;1;3;9;2026-08-01;
1137;388;1;1;5;8;2026-08-01;
1138;389;1;11;2;8;2026-08-01;
1139;389;1;11;2;9;2026-08-01;
1140;389;1;11;4;8;2026-08-01;
1141;389;1;11;4;9;2026-08-01;
1142;389;1;11;5;7;2026-08-01;
1143;390;1;2;1;8;2026-08-01;
1144;390;1;2;1;9;2026-08-01;
1145;390;1;2;3;8;2026-08-01;
1146;390;1;2;3;9;2026-08-01;
1147;390;1;2;5;8;2026-08-01;
1148;391;1;12;2;8;2026-08-01;
1149;391;1;12;2;9;2026-08-01;
1150;391;1;12;4;8;2026-08-01;
1151;391;1;12;4;9;2026-08-01;
1152;391;1;12;5;7;2026-08-01;
1153;392;1;3;1;8;2026-08-01;
1154;392;1;3;1;9;2026-08-01;
1155;392;1;3;3;8;2026-08-01;
1156;392;1;3;3;9;2026-08-01;
1157;392;1;3;5;8;2026-08-01;
1158;393;1;13;2;8;2026-08-01;
1159;393;1;13;2;9;2026-08-01;
1160;393;1;13;4;8;2026-08-01;
1161;393;1;13;4;9;2026-08-01;
1162;393;1;13;5;7;2026-08-01;
1163;394;1;4;1;8;2026-08-01;
1164;394;1;4;1;9;2026-08-01;
1165;394;1;4;3;8;2026-08-01;
1166;394;1;4;3;9;2026-08-01;
1167;394;1;4;5;8;2026-08-01;
1168;395;1;47;2;5;2026-08-01;
1169;395;1;47;2;6;2026-08-01;
1170;395;1;47;5;3;2026-08-01;
1171;396;1;49;3;1;2026-08-01;
1172;396;1;49;3;2;2026-08-01;
1173;396;1;49;5;4;2026-08-01;
1174;397;1;22;3;3;2026-08-01;
1175;397;1;22;3;4;2026-08-01;
1176;397;1;22;5;5;2026-08-01;
1177;398;1;48;3;5;2026-08-01;
1178;398;1;48;3;6;2026-08-01;
1179;398;1;48;5;6;2026-08-01;
1180;399;1;50;1;1;2026-08-01;
1181;399;1;50;1;2;2026-08-01;
1182;399;1;50;4;3;2026-08-01;
1183;400;1;14;2;8;2026-08-01;
1184;400;1;14;2;9;2026-08-01;
1185;400;1;14;4;8;2026-08-01;
1186;400;1;14;4;9;2026-08-01;
1187;400;1;14;5;7;2026-08-01;
1188;401;1;5;1;8;2026-08-01;
1189;401;1;5;1;9;2026-08-01;
1190;401;1;5;3;8;2026-08-01;
1191;401;1;5;3;9;2026-08-01;
1192;401;1;5;5;8;2026-08-01;
1193;402;1;15;2;8;2026-08-01;
1194;402;1;15;2;9;2026-08-01;
1195;402;1;15;4;8;2026-08-01;
1196;402;1;15;4;9;2026-08-01;
1197;402;1;15;5;7;2026-08-01;
1198;403;1;6;1;8;2026-08-01;
1199;403;1;6;1;9;2026-08-01;
1200;403;1;6;3;8;2026-08-01;
1201;403;1;6;3;9;2026-08-01;
1202;403;1;6;5;8;2026-08-01;
1203;404;1;16;2;8;2026-08-01;
1204;404;1;16;2;9;2026-08-01;
1205;404;1;16;4;8;2026-08-01;
1206;404;1;16;4;9;2026-08-01;
1207;404;1;16;5;7;2026-08-01;
1208;405;1;7;1;8;2026-08-01;
1209;405;1;7;1;9;2026-08-01;
1210;405;1;7;3;8;2026-08-01;
1211;405;1;7;3;9;2026-08-01;
1212;405;1;7;5;8;2026-08-01;
1213;406;1;17;2;8;2026-08-01;
1214;406;1;17;2;9;2026-08-01;
1215;406;1;17;4;8;2026-08-01;
1216;406;1;17;4;9;2026-08-01;
1217;406;1;17;5;7;2026-08-01;
1218;407;1;53;1;3;2026-08-01;
1219;407;1;53;1;4;2026-08-01;
1220;407;1;53;4;4;2026-08-01;
1221;408;1;52;1;5;2026-08-01;
1222;408;1;52;1;6;2026-08-01;
1223;408;1;52;4;5;2026-08-01;
1224;409;1;57;2;1;2026-08-01;
1225;409;1;57;2;2;2026-08-01;
1226;409;1;57;5;1;2026-08-01;
1227;410;1;51;2;3;2026-08-01;
1228;410;1;51;2;4;2026-08-01;
1229;410;1;51;5;2;2026-08-01;
1230;411;1;48;2;5;2026-08-01;
1231;411;1;48;2;6;2026-08-01;
1232;411;1;48;5;3;2026-08-01;
1233;412;1;8;1;8;2026-08-01;
1234;412;1;8;1;9;2026-08-01;
1235;412;1;8;3;8;2026-08-01;
1236;412;1;8;3;9;2026-08-01;
1237;412;1;8;5;8;2026-08-01;
1238;413;1;18;2;8;2026-08-01;
1239;413;1;18;2;9;2026-08-01;
1240;413;1;18;4;8;2026-08-01;
1241;413;1;18;4;9;2026-08-01;
1242;413;1;18;5;7;2026-08-01;
1243;414;1;9;1;8;2026-08-01;
1244;414;1;9;1;9;2026-08-01;
1245;414;1;9;3;8;2026-08-01;
1246;414;1;9;3;9;2026-08-01;
1247;414;1;9;5;8;2026-08-01;
1248;415;1;19;2;8;2026-08-01;
1249;415;1;19;2;9;2026-08-01;
1250;415;1;19;4;8;2026-08-01;
1251;415;1;19;4;9;2026-08-01;
1252;415;1;19;5;7;2026-08-01;
1253;416;1;10;1;8;2026-08-01;
1254;416;1;10;1;9;2026-08-01;
1255;416;1;10;3;8;2026-08-01;
1256;416;1;10;3;9;2026-08-01;
1257;416;1;10;5;8;2026-08-01;
1258;417;1;20;2;8;2026-08-01;
1259;417;1;20;2;9;2026-08-01;
1260;417;1;20;4;8;2026-08-01;
1261;417;1;20;4;9;2026-08-01;
1262;417;1;20;5;7;2026-08-01;
1263;418;1;11;1;8;2026-08-01;
1264;418;1;11;1;9;2026-08-01;
1265;418;1;11;3;8;2026-08-01;
1266;418;1;11;3;9;2026-08-01;
1267;418;1;11;5;8;2026-08-01;
1268;419;1;41;3;1;2026-08-01;
1269;419;1;41;3;2;2026-08-01;
1270;419;1;41;5;4;2026-08-01;
1271;420;1;41;3;3;2026-08-01;
1272;420;1;41;3;4;2026-08-01;
1273;420;1;41;5;5;2026-08-01;
1274;421;1;40;3;5;2026-08-01;
1275;421;1;40;3;6;2026-08-01;
1276;421;1;40;5;6;2026-08-01;
1277;422;1;41;1;1;2026-08-01;
1278;422;1;41;1;2;2026-08-01;
1279;422;1;41;4;3;2026-08-01;
1280;423;1;44;1;3;2026-08-01;
1281;423;1;44;1;4;2026-08-01;
1282;423;1;44;4;4;2026-08-01;
1283;424;1;32;1;5;2026-08-01;
1284;424;1;32;1;6;2026-08-01;
1285;424;1;32;4;5;2026-08-01;
1286;425;1;32;2;1;2026-08-01;
1287;425;1;32;2;2;2026-08-01;
1288;425;1;32;5;1;2026-08-01;
1289;426;1;41;2;8;2026-08-01;
1290;426;1;41;2;9;2026-08-01;
1291;426;1;41;4;8;2026-08-01;
1292;426;1;41;4;9;2026-08-01;
1293;426;1;41;5;7;2026-08-01;
1294;427;1;40;1;8;2026-08-01;
1295;427;1;40;1;9;2026-08-01;
1296;427;1;40;3;8;2026-08-01;
1297;427;1;40;3;9;2026-08-01;
1298;427;1;40;5;8;2026-08-01;
1299;428;1;42;2;8;2026-08-01;
1300;428;1;42;2;9;2026-08-01;
1301;428;1;42;4;8;2026-08-01;
1302;428;1;42;4;9;2026-08-01;
1303;428;1;42;5;7;2026-08-01;
1304;429;1;41;1;8;2026-08-01;
1305;429;1;41;1;9;2026-08-01;
1306;429;1;41;3;8;2026-08-01;
1307;429;1;41;3;9;2026-08-01;
1308;429;1;41;5;8;2026-08-01;
1309;430;1;43;2;8;2026-08-01;
1310;430;1;43;2;9;2026-08-01;
1311;430;1;43;4;8;2026-08-01;
1312;430;1;43;4;9;2026-08-01;
1313;430;1;43;5;7;2026-08-01;
1314;431;1;42;1;8;2026-08-01;
1315;431;1;42;1;9;2026-08-01;
1316;431;1;42;3;8;2026-08-01;
1317;431;1;42;3;9;2026-08-01;
1318;431;1;42;5;8;2026-08-01;
1319;432;1;44;2;8;2026-08-01;
1320;432;1;44;2;9;2026-08-01;
1321;432;1;44;4;8;2026-08-01;
1322;432;1;44;4;9;2026-08-01;
1323;432;1;44;5;7;2026-08-01;
1324;433;1;52;2;3;2026-08-01;
1325;433;1;52;2;4;2026-08-01;
1326;433;1;52;5;2;2026-08-01;
1327;434;1;49;2;5;2026-08-01;
1328;434;1;49;2;6;2026-08-01;
1329;434;1;49;5;3;2026-08-01;
1330;435;1;12;1;8;2026-08-01;
1331;435;1;12;1;9;2026-08-01;
1332;435;1;12;3;8;2026-08-01;
1333;435;1;12;3;9;2026-08-01;
1334;435;1;12;5;8;2026-08-01;
1335;436;1;21;2;8;2026-08-01;
1336;436;1;21;2;9;2026-08-01;
1337;436;1;21;4;8;2026-08-01;
1338;436;1;21;4;9;2026-08-01;
1339;436;1;21;5;7;2026-08-01;
1340;437;1;13;1;8;2026-08-01;
1341;437;1;13;1;9;2026-08-01;
1342;437;1;13;3;8;2026-08-01;
1343;437;1;13;3;9;2026-08-01;
1344;437;1;13;5;8;2026-08-01;
1345;438;1;22;2;8;2026-08-01;
1346;438;1;22;2;9;2026-08-01;
1347;438;1;22;4;8;2026-08-01;
1348;438;1;22;4;9;2026-08-01;
1349;438;1;22;5;7;2026-08-01;
1350;439;1;14;1;8;2026-08-01;
1351;439;1;14;1;9;2026-08-01;
1352;439;1;14;3;8;2026-08-01;
1353;439;1;14;3;9;2026-08-01;
1354;439;1;14;5;8;2026-08-01;
1355;440;1;23;2;8;2026-08-01;
1356;440;1;23;2;9;2026-08-01;
1357;440;1;23;4;8;2026-08-01;
1358;440;1;23;4;9;2026-08-01;
1359;440;1;23;5;7;2026-08-01;
1360;441;1;15;1;8;2026-08-01;
1361;441;1;15;1;9;2026-08-01;
1362;441;1;15;3;8;2026-08-01;
1363;441;1;15;3;9;2026-08-01;
1364;441;1;15;5;8;2026-08-01;
1365;442;1;50;3;1;2026-08-01;
1366;442;1;50;3;2;2026-08-01;
1367;442;1;50;5;4;2026-08-01;
1368;443;1;;3;3;2026-08-01;
1369;443;1;;3;4;2026-08-01;
1370;443;1;;5;5;2026-08-01;
1371;444;1;49;3;5;2026-08-01;
1372;444;1;49;3;6;2026-08-01;
1373;444;1;49;5;6;2026-08-01;
1374;445;1;51;1;1;2026-08-01;
1375;445;1;51;1;2;2026-08-01;
1376;445;1;51;4;3;2026-08-01;
1377;446;1;45;1;3;2026-08-01;
1378;446;1;45;1;4;2026-08-01;
1379;446;1;45;4;4;2026-08-01;
1380;447;1;44;1;5;2026-08-01;
1381;447;1;44;1;6;2026-08-01;
1382;447;1;44;4;5;2026-08-01;
1383;448;1;29;2;1;2026-08-01;
1384;448;1;29;2;2;2026-08-01;
1385;448;1;29;5;1;2026-08-01;
1386;449;1;29;2;3;2026-08-01;
1387;449;1;29;2;4;2026-08-01;
1388;449;1;29;5;2;2026-08-01;
1389;450;1;50;2;5;2026-08-01;
1390;450;1;50;2;6;2026-08-01;
1391;450;1;50;5;3;2026-08-01;
1392;451;1;51;3;1;2026-08-01;
1393;451;1;51;3;2;2026-08-01;
1394;451;1;51;5;4;2026-08-01;
1395;452;1;;3;3;2026-08-01;
1396;452;1;;3;4;2026-08-01;
1397;452;1;;5;5;2026-08-01;
1398;453;1;50;3;5;2026-08-01;
1399;453;1;50;3;6;2026-08-01;
1400;453;1;50;5;6;2026-08-01;
